formula_id,source,vocab_version,token_ids,token_names,token_len,horizon,valid,invalid_reason,reward,finite_count,coverage,finite_std,scorer_days,scorer_mean_return,scorer_median_return,scorer_hit_rate,scorer_ann_return_proxy,avg_top_k,formula
sanity_mom_10,sanity,phase3a-v1,3 3 17 11 7 9,close close DELAY10 DIV CONST_1 SUB,6,10,True,,0.00561005834449809,43205,0.9960347649676096,0.08669143903143658,2337.0,0.00561005834449809,0.0031238526397171507,0.5327342747111682,0.1413734702813519,3.501925545571245,sanity_mom_10
sanity_ma_gap_5_20,sanity,phase3a-v1,3 18 3 20 11 7 9,close MA5 close MA20 DIV CONST_1 SUB,7,10,True,,0.005482205089474945,43016,0.9916776171703898,0.04497018653606399,2337.0,0.005482205089474945,0.00246757871611795,0.5241762943945228,0.13815156825476863,3.501925545571245,sanity_ma_gap_5_20
random_000000,random,phase3a-v1,0 6 7 9 8,open CONST_0 CONST_1 SUB ADD,5,10,True,,0.0012832950451540056,43377,1.0,1.4687144254851088,2337.0,0.0012832950451540056,0.002523151970789478,0.5305947796320069,0.03233903513788094,3.501925545571245,random_000000
random_000001,random,phase3a-v1,3 0 5 16 0 15 22 20 17 8 10 12 9,close open amount DELAY5 open DELAY1 RET5 MA20 DELAY10 ADD MUL NEG SUB,13,10,True,,0.0034787387218980946,42730,0.9850842612444383,5631599895.324579,2337.0,0.0034787387218980946,0.0030999230914341056,0.5353016688061617,0.08766421579183198,3.501925545571245,random_000001
random_000002,random,phase3a-v1,2 3 10 7 2 2 10 8 10,low close MUL CONST_1 low low MUL ADD MUL,9,10,True,,0.0013333889936607475,43377,1.0,576.3206643936408,2337.0,0.0013333889936607475,0.0024904803289504582,0.5293110825845101,0.03360140264025084,3.501925545571245,random_000002
random_000003,random,phase3a-v1,4 24 12 16 21 17 22 16 19 1 9,volume DECAY NEG DELAY5 STD10 DELAY10 RET5 DELAY5 MA10 high SUB,11,10,True,,0.0044322182363336895,42560,0.9811651335961454,1.8875992573296754,2337.0,0.0044322182363336895,0.001386051940472736,0.5104835258878905,0.11169189955560899,3.501925545571245,random_000003
random_000004,random,phase3a-v1,7 22 22 12 14 21 3 10,CONST_1 RET5 RET5 NEG SIGN STD10 close MUL,8,10,False,non_finite_result,-5.0,0,0.0,,,,,,,,
random_000005,random,phase3a-v1,5 19 18 1 24 24 9,amount MA10 MA5 high DECAY DECAY SUB,7,10,True,,0.005571340898013304,43130,0.994305738063951,1298704518.598342,2337.0,0.005571340898013304,0.0019344601340750556,0.5241762943945228,0.14039779062993524,3.501925545571245,random_000005
random_000006,random,phase3a-v1,3 6 9 18 5 10,close CONST_0 SUB MA5 amount MUL,6,10,True,,0.0037443109146230763,43301,0.9982479194042926,5590120467.628053,2337.0,0.0037443109146230763,0.0029720130457796534,0.5344458707744972,0.09435663504850153,3.501925545571245,random_000006
random_000007,random,phase3a-v1,1 0 19 10,high open MA10 MUL,4,10,True,,0.0014600085593724865,43206,0.9960578186596584,10.570367741864118,2337.0,0.0014600085593724865,0.002516991290059889,0.5305947796320069,0.03679221569618666,3.501925545571245,random_000007
random_000008,random,phase3a-v1,1 23 22 7 11,high RET10 RET5 CONST_1 DIV,5,10,True,,0.0033185889617342616,40138,0.9253290914539963,3.3872352767200344,2337.0,0.0033185889617342616,0.0017758436561854385,0.519469405220368,0.0836284418357034,3.501925545571245,random_000008
random_000009,random,phase3a-v1,7 17 3 3 21 17 8 17 8,CONST_1 DELAY10 close close STD10 DELAY10 ADD DELAY10 ADD,9,10,True,,0.001232150535878728,42862,0.9881273485948775,1.49301999805707,2337.0,0.001232150535878728,0.0022253351361172513,0.5241762943945228,0.031050193504143942,3.501925545571245,random_000009
random_000010,random,phase3a-v1,1 24 15 2 1 3 8 10 11,high DECAY DELAY1 low high close ADD MUL DIV,9,10,True,,0.004821155378423175,43320,0.9986859395532195,0.28202090260743407,2337.0,0.004821155378423175,0.0011289364230540795,0.5156183140778776,0.121493115536264,3.501925545571245,random_000010
random_000011,random,phase3a-v1,0 12 24 15 24 22 0 21 20 17 13 8,open NEG DECAY DELAY1 DECAY RET5 open STD10 MA20 DELAY10 ABS ADD,12,10,True,,0.0021678525866174335,42655,0.9833552343407796,0.06239568487374782,2337.0,0.0021678525866174335,0.002088678637794189,0.5246041934103551,0.05462988518275932,3.501925545571245,random_000011
random_000012,random,phase3a-v1,2 3 0 9 10,low close open SUB MUL,5,10,True,,0.0016769447913765904,43377,1.0,0.20204290580335516,2337.0,0.0016769447913765904,0.002664215380780266,0.5314505776636713,0.04225900874269008,3.501925545571245,random_000012
random_000013,random,phase3a-v1,6 15 2 19 23 16 5 13 5 11 11 8,CONST_0 DELAY1 low MA10 RET10 DELAY5 amount ABS amount DIV DIV ADD,12,10,True,,0.0054075697725222095,42924,0.9895566775019019,0.06016384702928796,2337.0,0.0054075697725222095,0.003157181412625998,0.5293110825845101,0.1362707582675597,3.501925545571245,random_000013
random_000014,random,phase3a-v1,2 0 9 22 21 7 1 24 10 2 23 13 9 9,low open SUB RET5 STD10 CONST_1 high DECAY MUL low RET10 ABS SUB SUB,14,10,False,low_coverage,-2.0,3967,0.09145399635751665,,,,,,,,
random_000015,random,phase3a-v1,7 3 16 18 10 23 20 18 19 12,CONST_1 close DELAY5 MA5 MUL RET10 MA20 MA5 MA10 NEG,10,10,True,,0.006302467388391458,42416,0.9778454019411209,0.0451574420460282,2337.0,0.006302467388391458,0.00542288155310372,0.5468549422336328,0.15882217818746475,3.501925545571245,random_000015
random_000016,random,phase3a-v1,3 15 2 5 12 22 17 17 8 8,close DELAY1 low amount NEG RET5 DELAY10 DELAY10 ADD ADD,10,10,True,,0.0015175852862116014,42941,0.9899485902667312,3.9837941969114925,2337.0,0.0015175852862116014,0.0027780395377824396,0.5284552845528455,0.03824314921253236,3.501925545571245,random_000016
random_000017,random,phase3a-v1,0 0 12 16 13 23 9,open open NEG DELAY5 ABS RET10 SUB,7,10,True,,0.0012052162080052895,43118,0.9940290937593655,1.46774597995806,2337.0,0.0012052162080052895,0.002486595870408753,0.5297389816003423,0.030371448441733295,3.501925545571245,random_000017
random_000018,random,phase3a-v1,4 5 15 14 2 19 12 14 24 1 8 8 8,volume amount DELAY1 SIGN low MA10 NEG SIGN DECAY high ADD ADD ADD,13,10,True,,0.0051141191176522815,43168,0.9951817783618047,7488496.455808764,2337.0,0.0051141191176522815,0.0009448223733937999,0.5121951219512195,0.12887580176483748,3.501925545571245,random_000018
random_000019,random,phase3a-v1,5 21 2 4 17 3 16 22 10 8 11,amount STD10 low volume DELAY10 close DELAY5 RET5 MUL ADD DIV,11,10,True,,0.0033263527855990206,43187,0.9956197985107315,69533982.2509225,2337.0,0.0033263527855990206,0.0019920318725099584,0.5220367993153616,0.08382409019709533,3.501925545571245,random_000019
random_000020,random,phase3a-v1,0 18 15 0 2 21 6 21 23 10 11 9,open MA5 DELAY1 open low STD10 CONST_0 STD10 RET10 MUL DIV SUB,12,10,False,non_finite_result,-5.0,0,0.0,,,,,,,,
random_000021,random,phase3a-v1,0 12 23 20 6 20 21 9 18,open NEG RET10 MA20 CONST_0 MA20 STD10 SUB MA5,9,10,True,,0.004563876061730729,42750,0.985545335085414,0.04751774314839198,2337.0,0.004563876061730729,0.0010498425404996403,0.5121951219512195,0.11500967675561435,3.501925545571245,random_000021
random_000022,random,phase3a-v1,1 6 10 16 15 19 1 18 20 10,high CONST_0 MUL DELAY5 DELAY1 MA10 high MA5 MA20 MUL,10,10,False,constant_signal,-2.0,42940,0.9899255365746824,0.0,,,,,,,
random_000023,random,phase3a-v1,0 15 22 1 13 9,open DELAY1 RET5 high ABS SUB,6,10,True,,0.005417457631362278,43271,0.9975563086428292,1.4824776448215675,2337.0,0.005417457631362278,0.0011723535898063853,0.5190415062045357,0.1365199323103294,3.501925545571245,random_000023
random_000024,random,phase3a-v1,0 22 5 18 18 14 18 20 11,open RET5 amount MA5 MA5 SIGN MA5 MA20 DIV,9,10,True,,0.005177129047848936,42788,0.9864213753832677,0.05383004397419764,2337.0,0.005177129047848936,0.002666543606692532,0.5267436884895165,0.13046365200579318,3.501925545571245,random_000024
random_000025,random,phase3a-v1,5 7 6 4 8 22 8 8,amount CONST_1 CONST_0 volume ADD RET5 ADD ADD,8,10,True,,0.00579563322153125,43285,0.9978790603315121,1458099248.9433548,2337.0,0.00579563322153125,0.0018908462399007953,0.5228925973470261,0.14604995718258748,3.501925545571245,random_000025
random_000026,random,phase3a-v1,4 16 2 17 16 3 12 2 17 18 11 10 8,volume DELAY5 low DELAY10 DELAY5 close NEG low DELAY10 MA5 DIV MUL ADD,13,10,True,,0.005275766282121376,43108,0.9937985568388777,7471683.345655089,2337.0,0.005275766282121376,0.001678788288648314,0.5169020111253744,0.13294931030945867,3.501925545571245,random_000026
random_000027,random,phase3a-v1,2 18 23 3 2 2 20 18 8 9 16 10,low MA5 RET10 close low low MA20 MA5 ADD SUB DELAY5 MUL,12,10,True,,-0.0014207860820983802,42845,0.9877354358300482,0.14759848850194587,2337.0,-0.0014207860820983802,0.0018372519321285807,0.5220367993153616,-0.03580380926887918,3.501925545571245,random_000027
random_000028,random,phase3a-v1,3 23 21 2 14 7 0 9 24 18 9 11,close RET10 STD10 low SIGN CONST_1 open SUB DECAY MA5 SUB DIV,12,10,True,,0.004930986036214132,43016,0.9916776171703898,0.047994014829130884,2337.0,0.004930986036214132,0.0016279846385039431,0.5207531022678648,0.12426084811259612,3.501925545571245,random_000028
random_000029,random,phase3a-v1,0 1 24 8 15 21 16 3 3 19 11 8,open high DECAY ADD DELAY1 STD10 DELAY5 close close MA10 DIV ADD,12,10,True,,0.002440925851295971,43054,0.9925536574682435,0.10587439936478542,2337.0,0.002440925851295971,0.0031537530266343983,0.5327342747111682,0.06151133145265847,3.501925545571245,random_000029
random_000030,random,phase3a-v1,1 5 2 22 24 17 8 15 9,high amount low RET5 DECAY DELAY10 ADD DELAY1 SUB,9,10,True,,0.004492830343677229,43057,0.9926228185443898,1460066310.7127059,2337.0,0.004492830343677229,0.004911303808436657,0.560119811724433,0.11321932466066617,3.501925545571245,random_000030
random_000031,random,phase3a-v1,7 21 22 0 9,CONST_1 STD10 RET5 open SUB,5,10,False,non_finite_result,-5.0,0,0.0,,,,,,,,
random_000032,random,phase3a-v1,6 13 18 19 5 4 9 20 8,CONST_0 ABS MA5 MA10 amount volume SUB MA20 ADD,9,10,True,,0.005386743174250908,43016,0.9916776171703898,1245743470.0296562,2337.0,0.005386743174250908,0.001875100244271094,0.5237483953786907,0.1357459279911229,3.501925545571245,random_000032
random_000033,random,phase3a-v1,1 21 14 6 22 5 0 16 19 10 10 10,high STD10 SIGN CONST_0 RET5 amount open DELAY5 MA10 MUL MUL MUL,12,10,False,non_finite_result,-5.0,0,0.0,,,,,,,,
random_000034,random,phase3a-v1,3 24 15 23 2 10 4 10 6 3 21 10 11,close DECAY DELAY1 RET10 low MUL volume MUL CONST_0 close STD10 MUL DIV,13,10,False,non_finite_result,-5.0,0,0.0,,,,,,,,
random_000035,random,phase3a-v1,7 2 8 4 1 14 16 23 20 11 8 4 11,CONST_1 low ADD volume high SIGN DELAY5 RET10 MA20 DIV ADD volume DIV,13,10,False,non_finite_result,-5.0,0,0.0,,,,,,,,
random_000036,random,phase3a-v1,7 23 17 18,CONST_1 RET10 DELAY10 MA5,4,10,False,constant_signal,-2.0,43329,0.9988934227816585,0.0,,,,,,,
random_000037,random,phase3a-v1,5 6 14 21 11,amount CONST_0 SIGN STD10 DIV,5,10,False,non_finite_result,-5.0,0,0.0,,,,,,,,
random_000038,random,phase3a-v1,4 4 19 13 21 5 8 11,volume volume MA10 ABS STD10 amount ADD DIV,8,10,True,,0.0049184416827343395,43035,0.9921156373193167,0.005949746544571789,2337.0,0.0049184416827343395,0.0018207282913165201,0.5237483953786907,0.12394473040490535,3.501925545571245,random_000038
random_000039,random,phase3a-v1,6 6 5 22 18 12 14 20 20 10 11,CONST_0 CONST_0 amount RET5 MA5 NEG SIGN MA20 MA20 MUL DIV,11,10,False,non_finite_result,-5.0,0,0.0,,,,,,,,
random_000040,random,phase3a-v1,5 6 19 23 14 9,amount CONST_0 MA10 RET10 SIGN SUB,6,10,False,non_finite_result,-5.0,0,0.0,,,,,,,,
random_000041,random,phase3a-v1,1 4 0 6 22 10 13 11 9,high volume open CONST_0 RET5 MUL ABS DIV SUB,9,10,False,non_finite_result,-5.0,0,0.0,,,,,,,,
random_000042,random,phase3a-v1,3 5 19 0 21 22 3 21 16 11 8 9,close amount MA10 open STD10 RET5 close STD10 DELAY5 DIV ADD SUB,12,10,True,,0.003520572521590661,43043,0.9923000668557069,1310410652.6935265,2337.0,0.003520572521590661,0.004172756695051738,0.5481386392811296,0.08871842754408465,3.501925545571245,random_000042
random_000043,random,phase3a-v1,3 21 18 24,close STD10 MA5 DECAY,4,10,True,,0.0007574104508296308,43092,0.9934296977660972,0.05092895223641918,2337.0,0.0007574104508296308,0.002064192015418557,0.517757809157039,0.019086743360906697,3.501925545571245,random_000043
random_000044,random,phase3a-v1,2 20 13 21 22 13 23 13 3 24 18 9,low MA20 ABS STD10 RET5 ABS RET10 ABS close DECAY MA5 SUB,12,10,True,,0.0044129404456810725,42560,0.9811651335961454,29872977052.324787,2337.0,0.0044129404456810725,0.0024038672463215782,0.5258878904578519,0.11120609923116302,3.501925545571245,random_000044
random_000045,random,phase3a-v1,6 15 17 6 1 18 18 10 8,CONST_0 DELAY1 DELAY10 CONST_0 high MA5 MA5 MUL ADD,9,10,False,constant_signal,-2.0,43219,0.9963575166562925,0.0,,,,,,,
random_000046,random,phase3a-v1,1 12 3 7 21 10 11,high NEG close CONST_1 STD10 MUL DIV,7,10,False,non_finite_result,-5.0,0,0.0,,,,,,,,
random_000047,random,phase3a-v1,0 21 12 20 23 0 24 22 22 10,open STD10 NEG MA20 RET10 open DECAY RET5 RET5 MUL,10,10,True,,0.0031788261362559974,42235,0.9736726836802914,1930934718090.1006,2337.0,0.0031788261362559974,0.0036190103663967057,0.5344458707744972,0.08010641863365113,3.501925545571245,random_000047
random_000048,random,phase3a-v1,6 22 24 13 19 15 17,CONST_0 RET5 DECAY ABS MA10 DELAY1 DELAY10,7,10,False,non_finite_result,-5.0,0,0.0,,,,,,,,
random_000049,random,phase3a-v1,3 6 15 13 8 20,close CONST_0 DELAY1 ABS ADD MA20,6,10,True,,0.001330800404253464,43014,0.9916315097862922,1.46371416424747,2337.0,0.001330800404253464,0.002372123595731653,0.5271715875053488,0.0335361701871873,3.501925545571245,random_000049
random_000050,random,phase3a-v1,6 23 24 15 23,CONST_0 RET10 DECAY DELAY1 RET10,5,10,False,non_finite_result,-5.0,0,0.0,,,,,,,,
random_000051,random,phase3a-v1,4 0 19 3 15 1 17 15 19 9 20 9 11,volume open MA10 close DELAY1 high DELAY10 DELAY1 MA10 SUB MA20 SUB DIV,13,10,True,,0.005647244966854217,42636,0.9829172141918529,8898075.373358404,2337.0,0.005647244966854217,0.0009543277699702498,0.5109114249037228,0.14231057316472628,3.501925545571245,random_000051
random_000052,random,phase3a-v1,6 14 19 1 10 5 13 8,CONST_0 SIGN MA10 high MUL amount ABS ADD,8,10,True,,0.005766448654561468,43359,0.9995850335431219,1457070583.0456026,2337.0,0.005766448654561468,0.0018908462399007953,0.5228925973470261,0.145314506094949,3.501925545571245,random_000052
random_000053,random,phase3a-v1,7 4 12 9,CONST_1 volume NEG SUB,4,10,True,,0.005025867949172062,43377,1.0,7477630.911359859,2337.0,0.005025867949172062,0.0009220867010808209,0.5117672229353872,0.12665187231913597,3.501925545571245,random_000053
random_000054,random,phase3a-v1,1 18 16 4 8 20,high MA5 DELAY5 volume ADD MA20,6,10,True,,0.005166813102143375,42845,0.9877354358300482,6674091.086025402,2337.0,0.005166813102143375,0.0009793212550378572,0.5164741121095422,0.13020369017401304,3.501925545571245,random_000054
random_000055,random,phase3a-v1,4 24 19 20 3 10,volume DECAY MA10 MA20 close MUL,6,10,True,,0.005145841541881856,42807,0.9868593955321945,12050561.052610297,2337.0,0.005145841541881856,0.001883130759879309,0.5237483953786907,0.12967520685542278,3.501925545571245,random_000055
random_000056,random,phase3a-v1,4 23 16 23,volume RET10 DELAY5 RET10,4,10,True,,0.0037069205942366662,42935,0.9898102681144385,374.3813732354313,2337.0,0.0037069205942366662,0.0033950204922849336,0.5335900727428327,0.09341439897476399,3.501925545571245,random_000056
random_000057,random,phase3a-v1,3 19 1 20 19 2 9 10 17,close MA10 high MA20 MA10 low SUB MUL DELAY10,9,10,True,,0.0020451180610761457,42673,0.9837702007976578,0.8878284722648985,2337.0,0.0020451180610761457,0.003355929928183232,0.5387248609328199,0.05153697513911887,3.501925545571245,random_000057
random_000058,random,phase3a-v1,6 16 0 24 10,CONST_0 DELAY5 open DECAY MUL,5,10,False,constant_signal,-2.0,43333,0.9989856375498536,0.0,,,,,,,
random_000059,random,phase3a-v1,4 7 10 21,volume CONST_1 MUL STD10,4,10,True,,0.005460495661377885,43206,0.9960578186596584,2591387.307385297,2337.0,0.005460495661377885,0.0009071981309105304,0.5143346170303809,0.1376044906667227,3.501925545571245,random_000059
random_000060,random,phase3a-v1,3 12 22 14,close NEG RET5 SIGN,4,10,True,,0.0034233717753425906,43290,0.997994328791756,0.9507041746471463,2337.0,0.0034233717753425906,0.0034310200167805283,0.5412922550278134,0.08626896873863328,3.501925545571245,random_000060
random_000061,random,phase3a-v1,3 19 24 6 10,close MA10 DECAY CONST_0 MUL,5,10,False,constant_signal,-2.0,43168,0.9951817783618047,0.0,,,,,,,
random_000062,random,phase3a-v1,6 14 21 16 7 6 9 7 18 9 8,CONST_0 SIGN STD10 DELAY5 CONST_1 CONST_0 SUB CONST_1 MA5 SUB ADD,11,10,False,constant_signal,-2.0,43349,0.9993544966226341,0.0,,,,,,,
random_000063,random,phase3a-v1,2 14 7 15 12 6 13 8 10,low SIGN CONST_1 DELAY1 NEG CONST_0 ABS ADD MUL,9,10,False,constant_signal,-2.0,43375,0.9999538926159024,0.0,,,,,,,
random_000064,random,phase3a-v1,0 23 1 21 15 22 20 19 16 9 2 9,open RET10 high STD10 DELAY1 RET5 MA20 MA10 DELAY5 SUB low SUB,12,10,True,,0.0063560988958359654,42117,0.9709523480185351,1.4903870968511728,2337.0,0.0063560988958359654,0.002997095381614745,0.537441163885323,0.16017369217506633,3.501925545571245,random_000064
random_000065,random,phase3a-v1,5 6 18 15 16 14 21 14 9,amount CONST_0 MA5 DELAY1 DELAY5 SIGN STD10 SIGN SUB,9,10,True,,0.005766448654561468,43339,0.9991239597021463,1457249849.9215715,2337.0,0.005766448654561468,0.0018908462399007953,0.5228925973470261,0.145314506094949,3.501925545571245,random_000065
random_000066,random,phase3a-v1,2 5 21 12 21 11 18,low amount STD10 NEG STD10 DIV MA5,7,10,True,,0.002732061791190391,42959,0.9903635567236093,1.437369738453266e-05,2337.0,0.002732061791190391,0.004462599439306519,0.5447154471544715,0.06884795713799785,3.501925545571245,random_000066
random_000067,random,phase3a-v1,1 14 19 24 15 6 8,high SIGN MA10 DECAY DELAY1 CONST_0 ADD,7,10,False,constant_signal,-2.0,43149,0.9947437582128777,0.0,,,,,,,
random_000068,random,phase3a-v1,2 12 6 20 4 13 8 10,low NEG CONST_0 MA20 volume ABS ADD MUL,8,10,True,,0.004586573435539311,43339,0.9991239597021463,13688949.928653644,2337.0,0.004586573435539311,0.005617738986849086,0.560119811724433,0.11558165057559064,3.501925545571245,random_000068
random_000069,random,phase3a-v1,5 20 2 0 18 11 11,amount MA20 low open MA5 DIV DIV,7,10,True,,0.00540015945511821,43016,0.9916776171703898,1267907489.2744954,2337.0,0.00540015945511821,0.0019139008825947434,0.5263157894736842,0.1360840182689789,3.501925545571245,random_000069
random_000070,random,phase3a-v1,1 1 9 14 21 13 1 8,high high SUB SIGN STD10 ABS high ADD,8,10,True,,0.0011998929229735692,43206,0.9960578186596584,1.482545629152927,2337.0,0.0011998929229735692,0.00265412323594455,0.5310226786478391,0.030237301658933947,3.501925545571245,random_000070
random_000071,random,phase3a-v1,1 21 23,high STD10 RET10,3,10,True,,0.0037146327967103898,42994,0.9911704359453166,1.719896445562718,2337.0,0.0037146327967103898,0.0026828110161443153,0.5271715875053488,0.09360874647710182,3.501925545571245,random_000071
random_000072,random,phase3a-v1,7 2 9 17,CONST_1 low SUB DELAY10,4,10,True,,0.005406357078871741,43205,0.9960347649676096,1.4514669066380366,2337.0,0.005406357078871741,0.0009915453546930908,0.5156183140778776,0.1362401983875679,3.501925545571245,random_000072
random_000073,random,phase3a-v1,1 15 14 13 22 24 6 18 18 21 11 4 9,high DELAY1 SIGN ABS RET5 DECAY CONST_0 MA5 MA5 STD10 DIV volume SUB,13,10,False,non_finite_result,-5.0,0,0.0,,,,,,,,
random_000074,random,phase3a-v1,5 3 4 1 12 22 8 10 8,amount close volume high NEG RET5 ADD MUL ADD,9,10,True,,0.005811775057178731,43290,0.997994328791756,1472024458.388667,2337.0,0.005811775057178731,0.0018908462399007953,0.5228925973470261,0.14645673144090404,3.501925545571245,random_000074
random_000075,random,phase3a-v1,2 6 24 1 17 18 9 11,low CONST_0 DECAY high DELAY10 MA5 SUB DIV,8,10,True,,6.273858802691017e-05,43129,0.9942826843719021,0.0875633408439452,2337.0,6.273858802691017e-05,0.0014197964197964208,0.5151904150620453,0.0015810124182781364,3.501925545571245,random_000075
random_000076,random,phase3a-v1,4 17 23 21,volume DELAY10 RET10 STD10,4,10,True,,0.005286394856461724,42804,0.9867902344560482,2.9242195420624024,2337.0,0.005286394856461724,0.003313134563134562,0.5387248609328199,0.13321715038283546,3.501925545571245,random_000076
random_000077,random,phase3a-v1,0 20 16 21,open MA20 DELAY5 STD10,4,10,True,,0.0024101423721999593,42758,0.9857297646218042,0.02714650963047212,2337.0,0.0024101423721999593,0.0033598462092995496,0.5323063756953359,0.06073558777943897,3.501925545571245,random_000077
random_000078,random,phase3a-v1,3 14 6 14 7 24 22 8 11,close SIGN CONST_0 SIGN CONST_1 DECAY RET5 ADD DIV,9,10,False,non_finite_result,-5.0,0,0.0,,,,,,,,
random_000079,random,phase3a-v1,4 0 5 20 24 22 12 9 10,volume open amount MA20 DECAY RET5 NEG SUB MUL,9,10,True,,0.005805639087040773,42883,0.9886114761279019,16552504.752972411,2337.0,0.005805639087040773,0.0018908462399007953,0.5224646983311938,0.14630210499342747,3.501925545571245,random_000079
random_000080,random,phase3a-v1,0 20 14 18 23 4 18 19 16 2 20 19 8 9,open MA20 SIGN MA5 RET10 volume MA5 MA10 DELAY5 low MA20 MA10 ADD SUB,14,10,True,,0.002993817976593948,42750,0.985545335085414,6837863.241388144,2337.0,0.002993817976593948,0.0052375389408099715,0.5596919127086007,0.07544421301016749,3.501925545571245,random_000080
random_000081,random,phase3a-v1,3 14 18 13 20 0 3 17 8 11,close SIGN MA5 ABS MA20 open close DELAY10 ADD DIV,10,10,True,,0.005798021238672914,42940,0.9899255365746824,0.2681095236902733,2337.0,0.005798021238672914,0.0011723535898063853,0.519469405220368,0.14611013521455746,3.501925545571245,random_000081
random_000082,random,phase3a-v1,6 0 24 15 1 16 19 16 18 13 18 9 10,CONST_0 open DECAY DELAY1 high DELAY5 MA10 DELAY5 MA5 ABS MA5 SUB MUL,13,10,False,constant_signal,-2.0,42876,0.9884501002835604,0.0,,,,,,,
random_000083,random,phase3a-v1,7 14 0 19 22 20 7 0 21 17 8 11 8,CONST_1 SIGN open MA10 RET5 MA20 CONST_1 open STD10 DELAY10 ADD DIV ADD,13,10,True,,0.004977715750803956,42750,0.985545335085414,0.02135281262215846,2337.0,0.004977715750803956,0.001344902905389217,0.5134788189987163,0.1254384369202597,3.501925545571245,random_000083
random_000084,random,phase3a-v1,3 19 15 6 10,close MA10 DELAY1 CONST_0 MUL,5,10,False,constant_signal,-2.0,43187,0.9956197985107315,0.0,,,,,,,
random_000085,random,phase3a-v1,1 16 12 23 15 22 22 6 9 13,high DELAY5 NEG RET10 DELAY1 RET5 RET5 CONST_0 SUB ABS,10,10,True,,0.003128397230537878,36839,0.8492749613850659,95.16689526641008,2337.0,0.003128397230537878,0.0032244750554609736,0.5335900727428327,0.07883561020955453,3.501925545571245,random_000085
random_000086,random,phase3a-v1,2 0 21 23 18 19 24 15 15 14 9,low open STD10 RET10 MA5 MA10 DECAY DELAY1 DELAY1 SIGN SUB,11,10,True,,0.0018652026110710178,42412,0.9777531871729257,1.7451715564761785,2337.0,0.0018652026110710178,0.003366988189861392,0.5353016688061617,0.04700310579898965,3.501925545571245,random_000086
random_000087,random,phase3a-v1,3 7 4 20 17 6 9 13 9 11,close CONST_1 volume MA20 DELAY10 CONST_0 SUB ABS SUB DIV,10,10,True,,0.00494598216448373,42844,0.9877123821379994,0.0002200403940931702,2337.0,0.00494598216448373,0.0003787148852346933,0.5074882327770646,0.12463875054499,3.501925545571245,random_000087
random_000088,random,phase3a-v1,7 20 18 3 10 2 10 7 14 11,CONST_1 MA20 MA5 close MUL low MUL CONST_1 SIGN DIV,10,10,True,,0.001254117620198805,43331,0.9989395301657561,10.404450941467713,2337.0,0.001254117620198805,0.0024904803289504582,0.5293110825845101,0.031603764029009884,3.501925545571245,random_000088
random_000089,random,phase3a-v1,4 14 19 13,volume SIGN MA10 ABS,4,10,True,,0.005417397304092529,43206,0.9960578186596584,0.0030790287187544545,2337.0,0.005417397304092529,0.0041631776411572285,0.5489944373127942,0.13651841206313173,3.501925545571245,random_000089
random_000090,random,phase3a-v1,0 20 6 23 21 8,open MA20 CONST_0 RET10 STD10 ADD,6,10,False,non_finite_result,-5.0,0,0.0,,,,,,,,
random_000091,random,phase3a-v1,6 22 12 7 21 22 10 0 8,CONST_0 RET5 NEG CONST_1 STD10 RET5 MUL open ADD,9,10,False,non_finite_result,-5.0,0,0.0,,,,,,,,
random_000092,random,phase3a-v1,5 23 24 19 13 2 8,amount RET10 DECAY MA10 ABS low ADD,7,10,True,,0.0010550803162838276,42930,0.9896949996541946,1.8720212430132652,2337.0,0.0010550803162838276,0.00265412323594455,0.5301668806161746,0.026588023970352453,3.501925545571245,random_000092
random_000093,random,phase3a-v1,1 6 0 12 1 17 21 17 21 9 9 9,high CONST_0 open NEG high DELAY10 STD10 DELAY10 STD10 SUB SUB SUB,12,10,True,,0.0032702552576002455,42693,0.9842312746386334,0.034815991822005024,2337.0,0.0032702552576002455,0.0036650615302300515,0.5335900727428327,0.08241043249152619,3.501925545571245,random_000093
random_000094,random,phase3a-v1,0 22 17 5 11,open RET5 DELAY10 amount DIV,5,10,True,,0.004075950564864812,43113,0.9939138252991216,1.4861540780001534e-07,2337.0,0.004075950564864812,0.003729869636721339,0.5361574668378263,0.10271395423459326,3.501925545571245,random_000094
random_000095,random,phase3a-v1,1 17 14 18 22,high DELAY10 SIGN MA5 RET5,5,10,False,constant_signal,-2.0,43034,0.9920925836272679,0.0,,,,,,,
random_000096,random,phase3a-v1,7 18 3 14 12 18 19 14 12 10,CONST_1 MA5 close SIGN NEG MA5 MA10 SIGN NEG MUL,10,10,False,constant_signal,-2.0,43130,0.994305738063951,0.0,,,,,,,
random_000097,random,phase3a-v1,7 22 2 13 15 18 10,CONST_1 RET5 low ABS DELAY1 MA5 MUL,7,10,False,constant_signal,-2.0,43282,0.9978098992553658,0.0,,,,,,,
random_000098,random,phase3a-v1,7 18 6 8,CONST_1 MA5 CONST_0 ADD,4,10,False,constant_signal,-2.0,43369,0.9998155704636097,0.0,,,,,,,
random_000099,random,phase3a-v1,5 21 23 20 5 23 5 4 17 9 9 9,amount STD10 RET10 MA20 amount RET10 amount volume DELAY10 SUB SUB SUB,12,10,True,,0.0057557644129051155,42651,0.9832630195725846,1462009822.936361,2337.0,0.0057557644129051155,0.0017170586039567115,0.5216089002995293,0.1450452632052089,3.501925545571245,random_000099
random_000100,random,phase3a-v1,5 23 17 7 22 10,amount RET10 DELAY10 CONST_1 RET5 MUL,6,10,False,constant_signal,-2.0,43028,0.9919542614749752,0.0,,,,,,,
random_000101,random,phase3a-v1,0 6 21 6 15 10 10,open CONST_0 STD10 CONST_0 DELAY1 MUL MUL,7,10,False,constant_signal,-2.0,43359,0.9995850335431219,0.0,,,,,,,
random_000102,random,phase3a-v1,2 21 14 21 19,low STD10 SIGN STD10 MA10,5,10,True,,0.00509522861108161,42864,0.988173455978975,0.017612698912237754,2337.0,0.00509522861108161,0.0037029558091893067,0.543859649122807,0.12839976099925657,3.501925545571245,random_000102
random_000103,random,phase3a-v1,6 14 1 21 5 8 8 12,CONST_0 SIGN high STD10 amount ADD ADD NEG,8,10,True,,0.0046324650994902,43206,0.9960578186596584,1458925282.1880322,2337.0,0.0046324650994902,0.0056020244525453455,0.5622593068035944,0.11673812050715301,3.501925545571245,random_000103
random_000104,random,phase3a-v1,2 20 0 17 15 20 20 18 23 11 2 9,low MA20 open DELAY10 DELAY1 MA20 MA20 MA5 RET10 DIV low SUB,12,10,True,,0.0035733026447647568,42178,0.9723586232335109,21135.145932109248,2337.0,0.0035733026447647568,0.0035415397196594256,0.5400085579803167,0.09004722664807187,3.501925545571245,random_000104
random_000105,random,phase3a-v1,0 22 16 23 5 1 23 10 14 21 9,open RET5 DELAY5 RET10 amount high RET10 MUL SIGN STD10 SUB,11,10,True,,0.0034459708123410738,38889,0.8965350300850681,3.645714607098947,2337.0,0.0034459708123410738,0.002995086923658352,0.5323063756953359,0.08683846447099505,3.501925545571245,random_000105
random_000106,random,phase3a-v1,7 6 23 8,CONST_1 CONST_0 RET10 ADD,4,10,False,non_finite_result,-5.0,0,0.0,,,,,,,,
random_000107,random,phase3a-v1,7 3 15 20 8 23,CONST_1 close DELAY1 MA20 ADD RET10,6,10,True,,0.004245442667267806,42807,0.9868593955321945,0.02800520824511841,2337.0,0.004245442667267806,0.0013714214996175533,0.5134788189987163,0.10698515521514873,3.501925545571245,random_000107
random_000108,random,phase3a-v1,4 19 22 18 21 17 23 6 9,volume MA10 RET5 MA5 STD10 DELAY10 RET10 CONST_0 SUB,9,10,True,,0.0033692894064097805,42502,0.9798280194573161,2.4326136252707955,2337.0,0.0033692894064097805,0.0036159393896642855,0.5400085579803167,0.08490609304152646,3.501925545571245,random_000108
random_000109,random,phase3a-v1,3 24 22 2 8 15,close DECAY RET5 low ADD DELAY1,6,10,True,,0.0013392565111929268,43229,0.9965880535767804,1.4573770168184776,2337.0,0.0013392565111929268,0.0026660735296971105,0.5305947796320069,0.033749264082061754,3.501925545571245,random_000109
random_000110,random,phase3a-v1,0 6 10 23 21 2 7 8 8,open CONST_0 MUL RET10 STD10 low CONST_1 ADD ADD,9,10,False,non_finite_result,-5.0,0,0.0,,,,,,,,
random_000111,random,phase3a-v1,6 5 14 9,CONST_0 amount SIGN SUB,4,10,True,,0.005416195812936141,43377,1.0,0.010735696224557638,2337.0,0.005416195812936141,0.004163571911621755,0.5494223363286265,0.13648813448599076,3.501925545571245,random_000111
random_000112,random,phase3a-v1,6 16 16 21,CONST_0 DELAY5 DELAY5 STD10,4,10,False,constant_signal,-2.0,43339,0.9991239597021463,0.0,,,,,,,
random_000113,random,phase3a-v1,2 3 8 0 10 3 9,low close ADD open MUL close SUB,7,10,True,,0.0012664341207141226,43377,1.0,19.508505684276262,2337.0,0.0012664341207141226,0.002516991290059889,0.5293110825845101,0.03191413984199589,3.501925545571245,random_000113
random_000114,random,phase3a-v1,2 3 19 0 0 24 15 19 16 13 9 8 8,low close MA10 open open DECAY DELAY1 MA10 DELAY5 ABS SUB ADD ADD,13,10,True,,0.0012958839627051993,43054,0.9925536574682435,2.9323383745336424,2337.0,0.0012958839627051993,0.002777777777777768,0.5318784766795036,0.032656275860171016,3.501925545571245,random_000114
random_000115,random,phase3a-v1,3 12 16 14 5 18 21 8 18 6 8,close NEG DELAY5 SIGN amount MA5 STD10 ADD MA5 CONST_0 ADD,11,10,True,,0.003180846707747485,43054,0.9925536574682435,340058438.3475562,2337.0,0.003180846707747485,0.0004965404965405392,0.5079161317928969,0.08015733703523661,3.501925545571245,random_000115
random_000116,random,phase3a-v1,7 21 13,CONST_1 STD10 ABS,3,10,False,constant_signal,-2.0,43359,0.9995850335431219,0.0,,,,,,,
random_000117,random,phase3a-v1,3 23 1 13 9,close RET10 high ABS SUB,5,10,True,,0.005342526435208447,43205,0.9960347649676096,1.4818418944892309,2337.0,0.005342526435208447,0.000991131977047477,0.5147625160462131,0.13463166616725286,3.501925545571245,random_000117
random_000118,random,phase3a-v1,1 17 16 19,high DELAY10 DELAY5 MA10,4,10,True,,0.0008944739303246464,42949,0.9901330198031215,1.4757330618634936,2337.0,0.0008944739303246464,0.0020260051264948398,0.5246041934103551,0.02254074304418109,3.501925545571245,random_000118
random_000119,random,phase3a-v1,7 15 14 17 2 20 24 24 9,CONST_1 DELAY1 SIGN DELAY10 low MA20 DECAY DECAY SUB,9,10,True,,0.005435627020388149,42940,0.9899255365746824,1.4475224951751207,2337.0,0.005435627020388149,0.0012802731249332844,0.5190415062045357,0.13697780091378137,3.501925545571245,random_000119
random_000120,random,phase3a-v1,3 22 13 21 12 19,close RET5 ABS STD10 NEG MA10,6,10,True,,0.0036211940344072734,42940,0.9899255365746824,0.02136304779029559,2337.0,0.0036211940344072734,0.003884319101710415,0.553701326486949,0.09125408966706329,3.501925545571245,random_000120
random_000121,random,phase3a-v1,3 18 12 3 9 1 9 2 8,close MA5 NEG close SUB high SUB low ADD,9,10,True,,0.005172331668081396,43301,0.9982479194042926,2.967274727782639,2337.0,0.005172331668081396,0.0011833647278390869,0.5164741121095422,0.13034275803565118,3.501925545571245,random_000121
random_000122,random,phase3a-v1,6 16 16 16 7 3 20 8 11,CONST_0 DELAY5 DELAY5 DELAY5 CONST_1 close MA20 ADD DIV,9,10,False,constant_signal,-2.0,43016,0.9916776171703898,0.0,,,,,,,
random_000123,random,phase3a-v1,7 17 12,CONST_1 DELAY10 NEG,3,10,False,constant_signal,-2.0,43357,0.9995389261590244,0.0,,,,,,,
random_000124,random,phase3a-v1,4 3 15 24 12 17 2 7 17 21 24 9 8 10,volume close DELAY1 DECAY NEG DELAY10 low CONST_1 DELAY10 STD10 DECAY SUB ADD MUL,14,10,True,,0.0052276259420742,43134,0.994397952832146,1930444.1953919854,2337.0,0.0052276259420742,0.0027153765563928123,0.527599486521181,0.13173617374026986,3.501925545571245,random_000124
random_000125,random,phase3a-v1,1 19 7 10,high MA10 CONST_1 MUL,4,10,True,,0.0015022913583127343,43206,0.9960578186596584,1.4802093920663302,2337.0,0.0015022913583127343,0.0024553314427635253,0.5271715875053488,0.037857742229480906,3.501925545571245,random_000125
random_000126,random,phase3a-v1,0 22 16 13 3 19 1 9 9,open RET5 DELAY5 ABS close MA10 high SUB SUB,9,10,True,,0.004349816003732687,43187,0.9956197985107315,0.09336306734401095,2337.0,0.004349816003732687,0.004072431696931352,0.5382969619169876,0.10961536329406371,3.501925545571245,random_000126
random_000127,random,phase3a-v1,3 7 13 21 22 17 2 13 15 8 8,close CONST_1 ABS STD10 RET5 DELAY10 low ABS DELAY1 ADD ADD,11,10,False,non_finite_result,-5.0,0,0.0,,,,,,,,
random_000128,random,phase3a-v1,3 13 17 13 4 20 19 8,close ABS DELAY10 ABS volume MA20 MA10 ADD,8,10,True,,0.005035202386652084,42845,0.9877354358300482,6626945.67753991,2337.0,0.005035202386652084,0.0009220867010808209,0.5151904150620453,0.12688710014363253,3.501925545571245,random_000128
random_000129,random,phase3a-v1,5 16 15 7 5 11 13 9,amount DELAY5 DELAY1 CONST_1 amount DIV ABS SUB,8,10,True,,0.0056740926493016805,43268,0.9974871475666828,1452265190.4509223,2337.0,0.0056740926493016805,0.001980001980001894,0.5254599914420197,0.14298713476240235,3.501925545571245,random_000129
random_000130,random,phase3a-v1,7 20 20 6 3 23 21 9 11,CONST_1 MA20 MA20 CONST_0 close RET10 STD10 SUB DIV,9,10,True,,0.0037718032733347045,42977,0.9907785231804873,55.35606214523767,2337.0,0.0037718032733347045,0.001033479878781024,0.513050919982884,0.09504944248803456,3.501925545571245,random_000130
random_000131,random,phase3a-v1,5 15 21 21 1 24 1 0 11 10 8,amount DELAY1 STD10 STD10 high DECAY high open DIV MUL ADD,11,10,True,,0.003745630535991291,43016,0.9916776171703898,199258533.15687466,2337.0,0.003745630535991291,0.0009035208635479094,0.5100556268720582,0.09438988950698055,3.501925545571245,random_000131
random_000132,random,phase3a-v1,3 17 6 14 10 3 10 14 18 12 13 2 11,close DELAY10 CONST_0 SIGN MUL close MUL SIGN MA5 NEG ABS low DIV,13,10,False,constant_signal,-2.0,43121,0.994098254835512,0.0,,,,,,,
random_000133,random,phase3a-v1,3 1 24 21 5 22 1 21 24 16 9 20 9 9,close high DECAY STD10 amount RET5 high STD10 DECAY DELAY5 SUB MA20 SUB SUB,14,10,True,,0.0016394399361030086,42632,0.9828249994236578,1.625815549597827,2337.0,0.0016394399361030086,0.0025702723394946947,0.5323063756953359,0.041313886389795815,3.501925545571245,random_000133
random_000134,random,phase3a-v1,1 4 23 9,high volume RET10 SUB,4,10,True,,0.0016295767373366147,43200,0.9959194965073657,3.605534235259552,2337.0,0.0016295767373366147,0.003222949179374379,0.5378690629011553,0.04106533378088269,3.501925545571245,random_000134
random_000135,random,phase3a-v1,1 20 14 20,high MA20 SIGN MA20,4,10,False,constant_signal,-2.0,42655,0.9833552343407796,0.0,,,,,,,
random_000136,random,phase3a-v1,3 23 16 17 17 22 17 3 1 18 18 18 8 10,close RET10 DELAY5 DELAY10 DELAY10 RET5 DELAY10 close high MA5 MA5 MA5 ADD MUL,14,10,True,,0.0034655998104169486,39528,0.9112663393042396,20.169279428475615,2337.0,0.0034655998104169486,0.0034353831265944526,0.5327342747111682,0.08733311522250711,3.501925545571245,random_000136
random_000137,random,phase3a-v1,0 14 0 13 7 19 11 2 22 20 8 8,open SIGN open ABS CONST_1 MA10 DIV low RET5 MA20 ADD ADD,12,10,True,,0.001286539532573939,42921,0.9894875164257556,1.4681028465838095,2337.0,0.001286539532573939,0.00265412323594455,0.5310226786478391,0.03242079622086326,3.501925545571245,random_000137
random_000138,random,phase3a-v1,7 16 4 18 16 10 14 21 21 24,CONST_1 DELAY5 volume MA5 DELAY5 MUL SIGN STD10 STD10 DECAY,10,10,False,constant_signal,-2.0,42834,0.9874818452175116,0.0,,,,,,,
random_000139,random,phase3a-v1,4 3 12 22 11,volume close NEG RET5 DIV,5,10,True,,0.002996176627736669,39162,0.9028286880143855,622520763.8086857,2337.0,0.002996176627736669,0.0018712892281594895,0.5173299101412067,0.07550365101896407,3.501925545571245,random_000139
random_000140,random,phase3a-v1,4 3 13 7 14 12 18 22 24 13 14 11 10,volume close ABS CONST_1 SIGN NEG MA5 RET5 DECAY ABS SIGN DIV MUL,13,10,False,non_finite_result,-5.0,0,0.0,,,,,,,,
random_000141,random,phase3a-v1,5 18 23 22 7 22 15 10,amount MA5 RET10 RET5 CONST_1 RET5 DELAY1 MUL,8,10,False,constant_signal,-2.0,43016,0.9916776171703898,0.0,,,,,,,
random_000142,random,phase3a-v1,7 18 12 16 23 7 20 10,CONST_1 MA5 NEG DELAY5 RET10 CONST_1 MA20 MUL,8,10,False,constant_signal,-2.0,43339,0.9991239597021463,0.0,,,,,,,
random_000143,random,phase3a-v1,5 21 19 18 15,amount STD10 MA10 MA5 DELAY1,5,10,True,,0.004118116459560445,42940,0.9899255365746824,532086006.8524183,2337.0,0.004118116459560445,0.0017536316852323115,0.519469405220368,0.10377653478092322,3.501925545571245,random_000143
random_000144,random,phase3a-v1,4 0 7 10 12 22 4 11 15 10,volume open CONST_1 MUL NEG RET5 volume DIV DELAY1 MUL,10,10,True,,0.004970607039807327,43267,0.997464093874634,0.1310593696096183,2337.0,0.004970607039807327,0.0026350844529452466,0.5280273855370132,0.12525929740314462,3.501925545571245,random_000144
random_000145,random,phase3a-v1,4 15 19 15,volume DELAY1 MA10 DELAY1,4,10,True,,0.005087253661546034,43170,0.9952278857459022,6868489.639056635,2337.0,0.005087253661546034,0.0010014731712844616,0.5164741121095422,0.12819879227096004,3.501925545571245,random_000145
random_000146,random,phase3a-v1,7 17 16 3 4 8 23 11,CONST_1 DELAY10 DELAY5 close volume ADD RET10 DIV,8,10,True,,0.0035391015334880795,43195,0.9958042280471218,288.0209639395554,2337.0,0.0035391015334880795,0.0028089887640449507,0.5340179717586649,0.0891853586438996,3.501925545571245,random_000146
random_000147,random,phase3a-v1,0 12 19 24 17 20 20 5 12 11,open NEG MA10 DECAY DELAY10 MA20 MA20 amount NEG DIV,10,10,True,,0.0036491993724533105,42269,0.97445650920995,1.0646008648809373e-05,2337.0,0.0036491993724533105,0.005604235122307418,0.5639709028669234,0.09195982418582342,3.501925545571245,random_000147
random_000148,random,phase3a-v1,7 4 20 17 14 22 22 16 17 15 9,CONST_1 volume MA20 DELAY10 SIGN RET5 RET5 DELAY5 DELAY10 DELAY1 SUB,11,10,False,non_finite_result,-5.0,0,0.0,,,,,,,,
random_000149,random,phase3a-v1,1 5 19 24 17 2 24 24 7 9 18 11 9,high amount MA10 DECAY DELAY10 low DECAY DECAY CONST_1 SUB MA5 DIV SUB,13,10,True,,0.004323463321619824,42980,0.9908476842566337,260896681830.45624,2337.0,0.004323463321619824,0.0013508203163375143,0.5164741121095422,0.10895127570481958,3.501925545571245,random_000149
random_000150,random,phase3a-v1,0 23 21 22 23 13 12 12 12,open RET10 STD10 RET5 RET10 ABS NEG NEG NEG,9,10,True,,0.002950086226543104,42727,0.985015100168292,290815454171.7069,2337.0,0.002950086226543104,0.0027173913043477826,0.5246041934103551,0.07434217290888621,3.501925545571245,random_000150
random_000151,random,phase3a-v1,2 0 11 21,low open DIV STD10,4,10,True,,0.0014896678474133251,43206,0.9960578186596584,0.006529767122991021,2337.0,0.0014896678474133251,0.0014935106155826345,0.5121951219512195,0.0375396297548158,3.501925545571245,random_000151
random_000152,random,phase3a-v1,6 3 7 23 20 4 9 22 8 8,CONST_0 close CONST_1 RET10 MA20 volume SUB RET5 ADD ADD,10,10,True,,0.001675979136475094,43227,0.9965419461926828,3.0215840897706894,2337.0,0.001675979136475094,0.0018726591760299671,0.5203252032520326,0.04223467423917237,3.501925545571245,random_000152
random_000153,random,phase3a-v1,2 21 15,low STD10 DELAY1,3,10,True,,0.0015834674873674323,43187,0.9956197985107315,0.05354791295903231,2337.0,0.0015834674873674323,0.002590476190476254,0.5233204963628584,0.039903380681659294,3.501925545571245,random_000153
random_000154,random,phase3a-v1,4 2 7 7 12 18 24 19 14 11 8 12 9,volume low CONST_1 CONST_1 NEG MA5 DECAY MA10 SIGN DIV ADD NEG SUB,13,10,True,,0.005025867949172062,43347,0.9993083892385366,7479174.839396245,2337.0,0.005025867949172062,0.0009220867010808209,0.5117672229353872,0.12665187231913597,3.501925545571245,random_000154
random_000155,random,phase3a-v1,2 0 12 22 16 8,low open NEG RET5 DELAY5 ADD,6,10,True,,0.0013716314067411999,43203,0.995988657583512,1.4598644544216024,2337.0,0.0013716314067411999,0.0025005827639323075,0.5293110825845101,0.03456511144987824,3.501925545571245,random_000155
random_000156,random,phase3a-v1,7 1 16 16 11 16 12 14 17 24 5 8,CONST_1 high DELAY5 DELAY5 DIV DELAY5 NEG SIGN DELAY10 DECAY amount ADD,12,10,True,,0.00575040136617983,42912,0.9892800331973165,1462488346.6443446,2337.0,0.00575040136617983,0.001820195126561101,0.5220367993153616,0.14491011442773172,3.501925545571245,random_000156
random_000157,random,phase3a-v1,6 7 21 19 22 21 14 13 10,CONST_0 CONST_1 STD10 MA10 RET5 STD10 SIGN ABS MUL,9,10,False,non_finite_result,-5.0,0,0.0,,,,,,,,
random_000158,random,phase3a-v1,6 18 24 14 4 9,CONST_0 MA5 DECAY SIGN volume SUB,6,10,True,,0.0034635973270543802,43365,0.9997233556954146,7478274.6049348395,2337.0,0.0034635973270543802,0.005229561014901324,0.5588361146769363,0.08728265264177039,3.501925545571245,random_000158
random_000159,random,phase3a-v1,5 23 0 16 9,amount RET10 open DELAY5 SUB,5,10,True,,0.005315331822885299,43198,0.9958733891232681,3.6326804525373575,2337.0,0.005315331822885299,0.0013616282097530148,0.5173299101412067,0.13394636193670956,3.501925545571245,random_000159
random_000160,random,phase3a-v1,2 7 21 11,low CONST_1 STD10 DIV,4,10,False,non_finite_result,-5.0,0,0.0,,,,,,,,
random_000161,random,phase3a-v1,0 17 6 24 1 8 18 10,open DELAY10 CONST_0 DECAY high ADD MA5 MUL,8,10,True,,0.0014353894273363423,43197,0.9958503354312193,10.538419231734927,2337.0,0.0014353894273363423,0.0024615858479867525,0.527599486521181,0.036171813568875825,3.501925545571245,random_000161
random_000162,random,phase3a-v1,7 19 22 12 24 14 14 23 15,CONST_1 MA10 RET5 NEG DECAY SIGN SIGN RET10 DELAY1,9,10,False,non_finite_result,-5.0,0,0.0,,,,,,,,
random_000163,random,phase3a-v1,5 1 23 10,amount high RET10 MUL,4,10,True,,0.005196162442360854,43205,0.9960347649676096,325669680.4401094,2337.0,0.005196162442360854,0.0020098647291629523,0.5233204963628584,0.1309432935474935,3.501925545571245,random_000163
random_000164,random,phase3a-v1,2 2 12 7 15 21 4 22 22 9 11 11,low low NEG CONST_1 DELAY1 STD10 volume RET5 RET5 SUB DIV DIV,12,10,True,,0.003857665070389024,43192,0.9957350669709754,131.7417356276114,2337.0,0.003857665070389024,0.0026618930423941978,0.5284552845528455,0.0972131597738034,3.501925545571245,random_000164
random_000165,random,phase3a-v1,5 20 1 20 14 20 9,amount MA20 high MA20 SIGN MA20 SUB,7,10,True,,0.005350231304263737,42655,0.9833552343407796,1254180481.6111276,2337.0,0.005350231304263737,0.001875100244271094,0.5241762943945228,0.13482582886744615,3.501925545571245,random_000165
random_000166,random,phase3a-v1,7 3 18 9 0 8,CONST_1 close MA5 SUB open ADD,6,10,True,,0.004320795217073036,43301,0.9982479194042926,0.047609772220556706,2337.0,0.004320795217073036,0.00311875107991616,0.5340179717586649,0.10888403947024053,3.501925545571245,random_000166
random_000167,random,phase3a-v1,6 12 12 16 17 18,CONST_0 NEG NEG DELAY5 DELAY10 MA5,6,10,False,constant_signal,-2.0,43339,0.9991239597021463,0.0,,,,,,,
random_000168,random,phase3a-v1,2 20 16 15 12 17 5 14 9,low MA20 DELAY5 DELAY1 NEG DELAY10 amount SIGN SUB,9,10,True,,0.004590586463336138,42742,0.9853609055490237,1.4438867858836935,2337.0,0.004590586463336138,0.0008212652516342289,0.5104835258878905,0.11568277887607067,3.501925545571245,random_000168
random_000169,random,phase3a-v1,4 23 2 22 20 5 18 8 11 4 9,volume RET10 low RET5 MA20 amount MA5 ADD DIV volume SUB,11,10,True,,0.0036137667113038036,42917,0.9893953016575605,7502751.615818349,2337.0,0.0036137667113038036,0.005539839855877554,0.560119811724433,0.09106692112485584,3.501925545571245,random_000169
random_000170,random,phase3a-v1,3 22 13 2 10,close RET5 ABS low MUL,5,10,True,,0.002671189633355155,43290,0.997994328791756,0.22799304170001006,2337.0,0.002671189633355155,0.002858740530723954,0.5271715875053488,0.0673139787605499,3.501925545571245,random_000170
random_000171,random,phase3a-v1,5 15 6 7 4 9 9 16 10,amount DELAY1 CONST_0 CONST_1 volume SUB SUB DELAY5 MUL,9,10,True,,0.005692546542614791,43288,0.9979482214076585,5.351971433722353e+16,2337.0,0.005692546542614791,0.0012546786658078068,0.5169020111253744,0.14345217287389272,3.501925545571245,random_000171
random_000172,random,phase3a-v1,1 24 20 5 16 13 17 15 11 2 10,high DECAY MA20 amount DELAY5 ABS DELAY10 DELAY1 DIV low MUL,11,10,True,,0.0024570255589010563,42974,0.990709362104341,1.2833856921426356e-05,2337.0,0.0024570255589010563,0.005120518181503275,0.5566966195977749,0.061917044084306615,3.501925545571245,random_000172
random_000173,random,phase3a-v1,2 24 19 15,low DECAY MA10 DELAY1,4,10,True,,0.0013498691326973829,43149,0.9947437582128777,1.4509359204515024,2337.0,0.0013498691326973829,0.0024553314427635253,0.5293110825845101,0.03401670214397405,3.501925545571245,random_000173
random_000174,random,phase3a-v1,6 1 11 17 13 18 7 10 20,CONST_0 high DIV DELAY10 ABS MA5 CONST_1 MUL MA20,9,10,False,constant_signal,-2.0,42768,0.985960301542292,0.0,,,,,,,
random_000175,random,phase3a-v1,1 24 13 23 1 3 3 14 19 9 19 11 10,high DECAY ABS RET10 high close close SIGN MA10 SUB MA10 DIV MUL,13,10,True,,0.006514199735123583,42997,0.991239597021463,102188835447561.48,2337.0,0.006514199735123583,0.0039215686274509665,0.535729567821994,0.1641578333251143,3.501925545571245,random_000175
random_000176,random,phase3a-v1,2 17 16 2 10,low DELAY10 DELAY5 low MUL,5,10,True,,0.0013969376696350948,43120,0.9940752011434631,10.139929481668956,2337.0,0.0013969376696350948,0.0025005827639323075,0.5310226786478391,0.035202829274804386,3.501925545571245,random_000176
random_000177,random,phase3a-v1,4 15 3 9 3 19 21 18 23 17 9 0 8,volume DELAY1 close SUB close MA10 STD10 MA5 RET10 DELAY10 SUB open ADD,13,10,True,,0.0053232056664155245,42595,0.9819720128178527,7520528.330260575,2337.0,0.0053232056664155245,0.001196950256189544,0.5169020111253744,0.1341447827936712,3.501925545571245,random_000177
random_000178,random,phase3a-v1,2 4 17 18 0 8 17 19 7 12 10 21 11,low volume DELAY10 MA5 open ADD DELAY10 MA10 CONST_1 NEG MUL STD10 DIV,13,10,True,,0.002915651078671229,42597,0.9820181202019503,0.002314146976413782,2337.0,0.002915651078671229,0.0052375389408099715,0.5579803166452717,0.07347440718251497,3.501925545571245,random_000178
random_000179,random,phase3a-v1,5 3 17 22 10,amount close DELAY10 RET5 MUL,5,10,True,,0.0050662617106424605,43118,0.9940290937593655,119415504.37404636,2337.0,0.0050662617106424605,0.0010663669907058637,0.5139067180145486,0.12766979510819002,3.501925545571245,random_000179
random_000180,random,phase3a-v1,1 22 7 11 7 13 22 16 2 12 14 22 9 8,high RET5 CONST_1 DIV CONST_1 ABS RET5 DELAY5 low NEG SIGN RET5 SUB ADD,14,10,True,,0.004892098634215174,43280,0.9977637918712682,0.05914401151390053,2337.0,0.004892098634215174,0.002235772357723542,0.5237483953786907,0.12328088558222239,3.501925545571245,random_000180
random_000181,random,phase3a-v1,2 12 17,low NEG DELAY10,3,10,True,,0.005406357078871741,43205,0.9960347649676096,1.4514669066380366,2337.0,0.005406357078871741,0.0009915453546930908,0.5156183140778776,0.1362401983875679,3.501925545571245,random_000181
random_000182,random,phase3a-v1,7 23 21 23 19 4 9,CONST_1 RET10 STD10 RET10 MA10 volume SUB,7,10,False,non_finite_result,-5.0,0,0.0,,,,,,,,
random_000183,random,phase3a-v1,7 14 22 14 2 13 15 6 8 13 10,CONST_1 SIGN RET5 SIGN low ABS DELAY1 CONST_0 ADD ABS MUL,11,10,False,constant_signal,-2.0,43350,0.9993775503146829,0.0,,,,,,,
random_000184,random,phase3a-v1,4 21 18 6 0 2 15 18 20 21 8 11 8,volume STD10 MA5 CONST_0 open low DELAY1 MA5 MA20 STD10 ADD DIV ADD,13,10,True,,0.005543878687009583,42750,0.985545335085414,2536387.066525864,2337.0,0.005543878687009583,0.0009543277699702498,0.5147625160462131,0.1397057429126415,3.501925545571245,random_000184
random_000185,random,phase3a-v1,4 12 6 13 15 17 23 19 18 3 14 20 10 10,volume NEG CONST_0 ABS DELAY1 DELAY10 RET10 MA10 MA5 close SIGN MA20 MUL MUL,14,10,False,non_finite_result,-5.0,0,0.0,,,,,,,,
random_000186,random,phase3a-v1,1 15 15 1 15 10,high DELAY1 DELAY1 high DELAY1 MUL,6,10,True,,0.001241294151056196,43339,0.9991239597021463,10.729651322867136,2337.0,0.001241294151056196,0.002516991290059889,0.5297389816003423,0.03128061260661614,3.501925545571245,random_000186
random_000187,random,phase3a-v1,4 3 8 3 9 7 13 18 10 16,volume close ADD close SUB CONST_1 ABS MA5 MUL DELAY5,10,10,True,,0.0051792197720118855,43282,0.9978098992553658,7462962.602873681,2337.0,0.0051792197720118855,0.0015707733611752817,0.5164741121095422,0.1305163382546995,3.501925545571245,random_000187
random_000188,random,phase3a-v1,6 15 19 6 23 13 20 11 16 20 19,CONST_0 DELAY1 MA10 CONST_0 RET10 ABS MA20 DIV DELAY5 MA20 MA10,11,10,False,non_finite_result,-5.0,0,0.0,,,,,,,,
random_000189,random,phase3a-v1,4 6 8,volume CONST_0 ADD,3,10,True,,0.005025867949172062,43377,1.0,7477630.911359859,2337.0,0.005025867949172062,0.0009220867010808209,0.5117672229353872,0.12665187231913597,3.501925545571245,random_000189
random_000190,random,phase3a-v1,4 19 16 3 19 18 23 3 20 1 11 14 8 11,volume MA10 DELAY5 close MA10 MA5 RET10 close MA20 high DIV SIGN ADD DIV,14,10,True,,0.0047325034860762364,42940,0.9899255365746824,6622207.431359965,2337.0,0.0047325034860762364,0.0011546300440127277,0.5181857081728712,0.11925908784912116,3.501925545571245,random_000190
random_000191,random,phase3a-v1,3 13 4 16 18 15 10 19,close ABS volume DELAY5 MA5 DELAY1 MUL MA10,8,10,True,,0.005448112947015591,43016,0.9916776171703898,12476466.882830922,2337.0,0.005448112947015591,0.0018908462399007953,0.5237483953786907,0.1372924462647929,3.501925545571245,random_000191
random_000192,random,phase3a-v1,4 16 24 14 12,volume DELAY5 DECAY SIGN NEG,5,10,False,constant_signal,-2.0,43252,0.9971182884939023,0.0,,,,,,,
random_000193,random,phase3a-v1,3 15 15 18 22,close DELAY1 DELAY1 MA5 RET5,5,10,True,,0.005073357992621661,43170,0.9952278857459022,0.04327522087573121,2337.0,0.005073357992621661,0.00277777777777774,0.5284552845528455,0.12784862141406586,3.501925545571245,random_000193
random_000194,random,phase3a-v1,4 4 6 17 7 11 18 10 9,volume volume CONST_0 DELAY10 CONST_1 DIV MA5 MUL SUB,9,10,True,,0.005025867949172062,43349,0.9993544966226341,7479101.306411767,2337.0,0.005025867949172062,0.0009220867010808209,0.5117672229353872,0.12665187231913597,3.501925545571245,random_000194
random_000195,random,phase3a-v1,2 7 9 20 6 3 20 16 11 10,low CONST_1 SUB MA20 CONST_0 close MA20 DELAY5 DIV MUL,10,10,False,constant_signal,-2.0,42921,0.9894875164257556,0.0,,,,,,,
random_000196,random,phase3a-v1,2 6 21 15 22 10,low CONST_0 STD10 DELAY1 RET5 MUL,6,10,False,non_finite_result,-5.0,0,0.0,,,,,,,,
random_000197,random,phase3a-v1,1 21 6 17 6 2 9 12 13 11 9,high STD10 CONST_0 DELAY10 CONST_0 low SUB NEG ABS DIV SUB,11,10,True,,0.0008543236235316879,43204,0.9960117112755608,0.05263332912255322,2337.0,0.0008543236235316879,0.002367614019624542,0.5237483953786907,0.021528955312998536,3.501925545571245,random_000197
random_000198,random,phase3a-v1,0 13 19 2 9 0 9,open ABS MA10 low SUB open SUB,7,10,True,,0.004622904679489059,43206,0.9960578186596584,1.461814132556484,2337.0,0.004622904679489059,0.0010767022149302807,0.5169020111253744,0.1164971979231243,3.501925545571245,random_000198
random_000199,random,phase3a-v1,5 22 14 18 20 6 7 13 9 9,amount RET5 SIGN MA5 MA20 CONST_0 CONST_1 ABS SUB SUB,10,10,True,,0.005698649120675937,42749,0.9855222813933652,0.21629334182716706,2337.0,0.005698649120675937,0.0031049723425354836,0.5344458707744972,0.14360595784103364,3.501925545571245,random_000199
random_000200,random,phase3a-v1,5 22 0 9 13 21 23 0 23 9 4 10,amount RET5 open SUB ABS STD10 RET10 open RET10 SUB volume MUL,12,10,True,,0.004549414772449911,42841,0.9876432210618531,31114998.415711515,2337.0,0.004549414772449911,0.002862161960128118,0.5301668806161746,0.11464525226573777,3.501925545571245,random_000200
random_000201,random,phase3a-v1,0 16 2 10,open DELAY5 low MUL,4,10,True,,0.0013874554242929828,43290,0.997994328791756,10.34375886730704,2337.0,0.0013874554242929828,0.0024683231634450575,0.5293110825845101,0.03496387669218316,3.501925545571245,random_000201
random_000202,random,phase3a-v1,3 17 15 22 3 20 18 8,close DELAY10 DELAY1 RET5 close MA20 MA5 ADD,8,10,True,,0.0012319520251839,42940,0.9899255365746824,1.4640770899845754,2337.0,0.0012319520251839,0.002279280547362844,0.5250320924261874,0.031045191034634278,3.501925545571245,random_000202
random_000203,random,phase3a-v1,1 14 5 4 21 9 22 9,high SIGN amount volume STD10 SUB RET5 SUB,8,10,True,,0.0032740123564922174,43111,0.993867717915024,16.722067137867896,2337.0,0.0032740123564922174,0.0026926767612450164,0.5353016688061617,0.08250511138360388,3.501925545571245,random_000203
random_000204,random,phase3a-v1,4 17 13 13 7 11,volume DELAY10 ABS ABS CONST_1 DIV,6,10,True,,0.005323450639441555,43205,0.9960347649676096,7448003.173673926,2337.0,0.005323450639441555,0.0008569994262765113,0.5139067180145486,0.1341509561139272,3.501925545571245,random_000204
random_000205,random,phase3a-v1,1 3 14 17 10,high close SIGN DELAY10 MUL,5,10,True,,0.0011998929229735692,43205,0.9960347649676096,1.4848228652008775,2337.0,0.0011998929229735692,0.00265412323594455,0.5310226786478391,0.030237301658933947,3.501925545571245,random_000205
random_000206,random,phase3a-v1,1 20 24 6 21 0 24 9 13 8,high MA20 DECAY CONST_0 STD10 open DECAY SUB ABS ADD,10,10,True,,0.0013443337883113269,42978,0.9908015768725361,2.9400483285170127,2337.0,0.0013443337883113269,0.0024448642860870617,0.5267436884895165,0.033877211465445436,3.501925545571245,random_000206
random_000207,random,phase3a-v1,2 13 15 22 19 7 3 10 13 8,low ABS DELAY1 RET5 MA10 CONST_1 close MUL ABS ADD,10,10,True,,0.0012614351768015506,43092,0.9934296977660972,1.4708900206956348,2337.0,0.0012614351768015506,0.00265412323594455,0.5305947796320069,0.03178816645539907,3.501925545571245,random_000207
random_000208,random,phase3a-v1,7 14 14 24 12 19,CONST_1 SIGN SIGN DECAY NEG MA10,6,10,False,constant_signal,-2.0,43355,0.9994928187749268,0.0,,,,,,,
random_000209,random,phase3a-v1,6 21 21 20 18 16 20 15 15 12,CONST_0 STD10 STD10 MA20 MA5 DELAY5 MA20 DELAY1 DELAY1 NEG,10,10,False,constant_signal,-2.0,43243,0.9969108052654633,0.0,,,,,,,
random_000210,random,phase3a-v1,0 21 23 4 17 4 24 14 20 8 19 11,open STD10 RET10 volume DELAY10 volume DECAY SIGN MA20 ADD MA10 DIV,12,10,True,,0.003040839782051205,42758,0.9857297646218042,0.00016858881695948517,2337.0,0.003040839782051205,0.0035087719298245723,0.5365853658536586,0.07662916250769036,3.501925545571245,random_000210
random_000211,random,phase3a-v1,6 14 15 14 1 15 23 21 16 10,CONST_0 SIGN DELAY1 SIGN high DELAY1 RET10 STD10 DELAY5 MUL,10,10,False,constant_signal,-2.0,42912,0.9892800331973165,0.0,,,,,,,
random_000212,random,phase3a-v1,4 1 12 1 11 11,volume high NEG high DIV DIV,6,10,True,,0.0034635973270543802,43377,1.0,7477630.911359859,2337.0,0.0034635973270543802,0.005229561014901324,0.5588361146769363,0.08728265264177039,3.501925545571245,random_000212
random_000213,random,phase3a-v1,7 14 6 16 9,CONST_1 SIGN CONST_0 DELAY5 SUB,5,10,False,constant_signal,-2.0,43367,0.9997694630795122,0.0,,,,,,,
random_000214,random,phase3a-v1,2 22 13 23 12 1 10 22 3 10,low RET5 ABS RET10 NEG high MUL RET5 close MUL,10,10,True,,0.003236892862287697,34849,0.8033981142079905,16147095022402.87,2337.0,0.003236892862287697,0.0014803767891672,0.5173299101412067,0.08156970012964995,3.501925545571245,random_000214
random_000215,random,phase3a-v1,1 15 15 19,high DELAY1 DELAY1 MA10,4,10,True,,0.0014226619528044766,43170,0.9952278857459022,1.479571204435113,2337.0,0.0014226619528044766,0.002372123595731653,0.5280273855370132,0.035851081210672806,3.501925545571245,random_000215
random_000216,random,phase3a-v1,6 20 24 14 19 13,CONST_0 MA20 DECAY SIGN MA10 ABS,6,10,False,constant_signal,-2.0,43317,0.9986167784770731,0.0,,,,,,,
random_000217,random,phase3a-v1,6 5 12 7 9 21 2 10 21 8,CONST_0 amount NEG CONST_1 SUB STD10 low MUL STD10 ADD,10,10,True,,0.003019709748887884,43035,0.9921156373193167,752118564.1325593,2337.0,0.003019709748887884,0.0025381869864003204,0.5284552845528455,0.07609668567197468,3.501925545571245,random_000217
random_000218,random,phase3a-v1,1 2 0 22 9 13 8,high low open RET5 SUB ABS ADD,7,10,True,,0.0013970109624078658,43290,0.997994328791756,2.936897716831485,2337.0,0.0013970109624078658,0.002486595870408753,0.5293110825845101,0.035204676252678216,3.501925545571245,random_000218
random_000219,random,phase3a-v1,3 15 20 20 3 11 5 10 16,close DELAY1 MA20 MA20 close DIV amount MUL DELAY5,9,10,True,,0.005673498912404055,42549,0.9809115429836088,1384108937.1727931,2337.0,0.005673498912404055,0.0018991384817251082,0.5267436884895165,0.1429721725925822,3.501925545571245,random_000219
random_000220,random,phase3a-v1,4 18 7 7 3 22 15 16 13 11 10 11,volume MA5 CONST_1 CONST_1 close RET5 DELAY1 DELAY5 ABS DIV MUL DIV,12,10,True,,0.004978784956871553,39057,0.9004080503492634,897760.0895108508,2337.0,0.004978784956871553,0.0017457718839850866,0.519469405220368,0.12546538091316314,3.501925545571245,random_000220
random_000221,random,phase3a-v1,4 1 12 19 13 16 20 17 18 9,volume high NEG MA10 ABS DELAY5 MA20 DELAY10 MA5 SUB,10,10,True,,0.005190888319101527,42512,0.9800585563778039,7528334.280252293,2337.0,0.005190888319101527,0.0009708798126310351,0.513050919982884,0.13081038564135847,3.501925545571245,random_000221
random_000222,random,phase3a-v1,3 21 6 20 23 8 16 24 16 3 17 9,close STD10 CONST_0 MA20 RET10 ADD DELAY5 DECAY DELAY5 close DELAY10 SUB,12,10,False,non_finite_result,-5.0,0,0.0,,,,,,,,
random_000223,random,phase3a-v1,5 23 21 2 21 4 18 8 8,amount RET10 STD10 low STD10 volume MA5 ADD ADD,9,10,True,,0.005358881570444945,42976,0.9907554694884386,7071262.203884112,2337.0,0.005358881570444945,0.0012125108418712671,0.5160462130937099,0.1350438155752126,3.501925545571245,random_000223
random_000224,random,phase3a-v1,1 20 19 16,high MA20 MA10 DELAY5,4,10,True,,0.0009709342303271017,42758,0.9857297646218042,1.4732200911761548,2337.0,0.0009709342303271017,0.002047472143024772,0.5254599914420197,0.024467542604242963,3.501925545571245,random_000224
random_000225,random,phase3a-v1,1 23 6 8 4 4 21 8 9 23,high RET10 CONST_0 ADD volume volume STD10 ADD SUB RET10,10,10,True,,0.003175509731500582,42997,0.991239597021463,1.9648626054791176,2337.0,0.003175509731500582,0.0015888491689539375,0.517757809157039,0.08002284523381467,3.501925545571245,random_000225
random_000226,random,phase3a-v1,5 12 5 12 7 15 19 7 20 10 22 10 11,amount NEG amount NEG CONST_1 DELAY1 MA10 CONST_1 MA20 MUL RET5 MUL DIV,13,10,False,non_finite_result,-5.0,0,0.0,,,,,,,,
random_000227,random,phase3a-v1,7 12 13 16 5 3 17 11 11,CONST_1 NEG ABS DELAY5 amount close DELAY10 DIV DIV,9,10,True,,0.003730032111092016,43200,0.9959194965073657,1.0590889271141464e-05,2337.0,0.003730032111092016,0.0049989226459815255,0.5592640136927685,0.0939968091995188,3.501925545571245,random_000227
random_000228,random,phase3a-v1,1 7 13 23 16 24 9,high CONST_1 ABS RET10 DELAY5 DECAY SUB,7,10,True,,0.0011998929229735692,43343,0.9992161744703414,1.4837259352188068,2337.0,0.0011998929229735692,0.00265412323594455,0.5310226786478391,0.030237301658933947,3.501925545571245,random_000228
random_000229,random,phase3a-v1,6 14 19 19 14 19 12,CONST_0 SIGN MA10 MA10 SIGN MA10 NEG,7,10,False,constant_signal,-2.0,43323,0.9987551006293658,0.0,,,,,,,
random_000230,random,phase3a-v1,5 14 23 15 17,amount SIGN RET10 DELAY1 DELAY10,5,10,True,,0.005418486965612249,43011,0.9915623487101459,0.010781271616059669,2337.0,0.005418486965612249,0.0041631776411572285,0.5485665382969619,0.13654587153342868,3.501925545571245,random_000230
random_000231,random,phase3a-v1,4 21 1 8,volume STD10 high ADD,4,10,True,,0.005460495661377885,43206,0.9960578186596584,2591387.2831375827,2337.0,0.005460495661377885,0.0009071981309105304,0.5143346170303809,0.1376044906667227,3.501925545571245,random_000231
random_000232,random,phase3a-v1,3 21 5 9,close STD10 amount SUB,4,10,True,,0.0046324650994902,43206,0.9960578186596584,1458925282.1648297,2337.0,0.0046324650994902,0.0056020244525453455,0.5622593068035944,0.11673812050715301,3.501925545571245,random_000232
random_000233,random,phase3a-v1,1 14 1 11,high SIGN high DIV,4,10,True,,0.00508569481169881,43377,1.0,0.5274000434819427,2337.0,0.00508569481169881,0.0013508203163375143,0.5169020111253744,0.12815950925481,3.501925545571245,random_000233
random_000234,random,phase3a-v1,0 15 13 0 21 17 7 20 9 21 9,open DELAY1 ABS open STD10 DELAY10 CONST_1 MA20 SUB STD10 SUB,11,10,True,,0.0012545826033317556,42861,0.9881042949028287,1.4615427534328655,2337.0,0.0012545826033317556,0.002486595870408753,0.527599486521181,0.031615481603960244,3.501925545571245,random_000234
random_000235,random,phase3a-v1,7 15 5 8,CONST_1 DELAY1 amount ADD,4,10,True,,0.005766448654561468,43375,0.9999538926159024,1457038953.251732,2337.0,0.005766448654561468,0.0018908462399007953,0.5228925973470261,0.145314506094949,3.501925545571245,random_000235
random_000236,random,phase3a-v1,6 6 13 13 14 21 11,CONST_0 CONST_0 ABS ABS SIGN STD10 DIV,7,10,False,non_finite_result,-5.0,0,0.0,,,,,,,,
random_000237,random,phase3a-v1,2 21 1 11 17 0 11,low STD10 high DIV DELAY10 open DIV,7,10,True,,0.004034442346849035,43034,0.9920925836272679,0.043757371652746346,2337.0,0.004034442346849035,0.0029235412590964405,0.527599486521181,0.10166794714059568,3.501925545571245,random_000237
random_000238,random,phase3a-v1,3 14 17 19 1 24 19 14 11,close SIGN DELAY10 MA10 high DECAY MA10 SIGN DIV,9,10,False,constant_signal,-2.0,43016,0.9916776171703898,0.0,,,,,,,
random_000239,random,phase3a-v1,7 23 5 11,CONST_1 RET10 amount DIV,4,10,False,constant_signal,-2.0,43352,0.9994236576987805,0.0,,,,,,,
random_000240,random,phase3a-v1,3 1 1 9 8 16 0 9 7 10 16 20,close high high SUB ADD DELAY5 open SUB CONST_1 MUL DELAY5 MA20,12,10,True,,0.0020303610431097064,42834,0.9874818452175116,0.049812322451224626,2337.0,0.0020303610431097064,0.002874902874902885,0.5297389816003423,0.0511650982863646,3.501925545571245,random_000240
random_000241,random,phase3a-v1,7 6 17 17 24 20 17 16 9,CONST_1 CONST_0 DELAY10 DELAY10 DECAY MA20 DELAY10 DELAY5 SUB,9,10,False,constant_signal,-2.0,43265,0.9974179864905365,0.0,,,,,,,
random_000242,random,phase3a-v1,4 24 1 22 8,volume DECAY high RET5 ADD,5,10,True,,0.005310063059995865,43286,0.9979021140235609,7196069.086084935,2337.0,0.005310063059995865,0.0009395767292796342,0.5113393239195549,0.1338135891118958,3.501925545571245,random_000242
random_000243,random,phase3a-v1,4 17 16 24 7 19 9 14,volume DELAY10 DELAY5 DECAY CONST_1 MA10 SUB SIGN,8,10,False,constant_signal,-2.0,43082,0.9931991608456094,0.0,,,,,,,
random_000244,random,phase3a-v1,2 23 13 18 18 1 10,low RET10 ABS MA5 MA5 high MUL,7,10,True,,0.0008998621085891302,43037,0.9921617447034142,0.1757597256521714,2337.0,0.0008998621085891302,0.0012531504373705926,0.5121951219512195,0.02267652513644608,3.501925545571245,random_000244
random_000245,random,phase3a-v1,5 1 3 8 24 9,amount high close ADD DECAY SUB,6,10,True,,0.005788368625764103,43339,0.9991239597021463,1457433095.7036502,2337.0,0.005788368625764103,0.0018908462399007953,0.5228925973470261,0.1458668893692554,3.501925545571245,random_000245
random_000246,random,phase3a-v1,2 2 9 13 20 2 2 21 11 8,low low SUB ABS MA20 low low STD10 DIV ADD,10,10,True,,0.002797563065918271,42991,0.9911012748691703,48.62296857141565,2337.0,0.002797563065918271,0.0025148842222012524,0.5293110825845101,0.07049858926114043,3.501925545571245,random_000246
random_000247,random,phase3a-v1,0 16 16,open DELAY5 DELAY5,3,10,True,,0.0012839116315605012,43205,0.9960347649676096,1.4655361678017447,2337.0,0.0012839116315605012,0.002261563716269205,0.5267436884895165,0.03235457311532463,3.501925545571245,random_000247
random_000248,random,phase3a-v1,6 0 14 22 21 17 11 5 9,CONST_0 open SIGN RET5 STD10 DELAY10 DIV amount SUB,9,10,False,non_finite_result,-5.0,0,0.0,,,,,,,,
random_000249,random,phase3a-v1,1 6 6 3 14 18 18 10 20 9 11,high CONST_0 CONST_0 close SIGN MA5 MA5 MUL MA20 SUB DIV,11,10,False,non_finite_result,-5.0,0,0.0,,,,,,,,
random_000250,random,phase3a-v1,4 14 3 0 13 23 13 24 14 17 10 8,volume SIGN close open ABS RET10 ABS DECAY SIGN DELAY10 MUL ADD,12,10,True,,0.0013003740025697437,42991,0.9911012748691703,1.4752861392208279,2337.0,0.0013003740025697437,0.0026126429463861345,0.5310226786478391,0.03276942486475754,3.501925545571245,random_000250
random_000251,random,phase3a-v1,1 7 10 4 12 10 24 6 20 16 22 17 11,high CONST_1 MUL volume NEG MUL DECAY CONST_0 MA20 DELAY5 RET5 DELAY10 DIV,13,10,False,non_finite_result,-5.0,0,0.0,,,,,,,,
random_000252,random,phase3a-v1,6 12 2 17 18 21 9,CONST_0 NEG low DELAY10 MA5 STD10 SUB,7,10,True,,0.004089163160910076,42958,0.9903405030315605,0.04384953524402385,2337.0,0.004089163160910076,0.0008823529411764452,0.5104835258878905,0.10304691165493392,3.501925545571245,random_000252
random_000253,random,phase3a-v1,0 19 23 4 22 23 1 24 9 8 3 10,open MA10 RET10 volume RET5 RET10 high DECAY SUB ADD close MUL,12,10,True,,0.003800169048879216,43007,0.9914701339419508,259.5884807980115,2337.0,0.003800169048879216,0.0019251925192519392,0.5186136071887034,0.09576426003175624,3.501925545571245,random_000253
random_000254,random,phase3a-v1,2 3 14 13 18 8,low close SIGN ABS MA5 ADD,6,10,True,,0.0013104246290668484,43301,0.9982479194042926,1.4543975075867357,2337.0,0.0013104246290668484,0.002486595870408753,0.5284552845528455,0.03302270065248458,3.501925545571245,random_000254
random_000255,random,phase3a-v1,3 15 23 18 15 20 12 22 15 17 1 9,close DELAY1 RET10 MA5 DELAY1 MA20 NEG RET5 DELAY1 DELAY10 high SUB,12,10,True,,0.004448251917267113,42432,0.9782142610139014,104.10640254741897,2337.0,0.004448251917267113,0.0023951752622517475,0.5250320924261874,0.11209594831513126,3.501925545571245,random_000255
random_000256,random,phase3a-v1,1 17 16 17 17 24 7 10,high DELAY10 DELAY5 DELAY10 DELAY10 DECAY CONST_1 MUL,8,10,True,,0.001168950540760825,42742,0.9853609055490237,1.4723937039635746,2337.0,0.001168950540760825,0.0024615858479867525,0.5267436884895165,0.02945755362717279,3.501925545571245,random_000256
random_000257,random,phase3a-v1,0 5 20 23 9,open amount MA20 RET10 SUB,5,10,True,,0.0010978567082207407,42826,0.9872974156811213,1.5175262274457053,2337.0,0.0010978567082207407,0.002811550151975706,0.5327342747111682,0.027665989047162665,3.501925545571245,random_000257
random_000258,random,phase3a-v1,2 14 18 18 3 11 14 6 11 1 9,low SIGN MA5 MA5 close DIV SIGN CONST_0 DIV high SUB,11,10,False,non_finite_result,-5.0,0,0.0,,,,,,,,
random_000259,random,phase3a-v1,2 14 4 15 15 14 8 7 10,low SIGN volume DELAY1 DELAY1 SIGN ADD CONST_1 MUL,9,10,True,,0.005416987918724595,43341,0.9991700670862439,0.010740153439070994,2337.0,0.005416987918724595,0.0041631776411572285,0.5489944373127942,0.1365080955518598,3.501925545571245,random_000259
random_000260,random,phase3a-v1,6 2 10,CONST_0 low MUL,3,10,False,constant_signal,-2.0,43377,1.0,0.0,,,,,,,
random_000261,random,phase3a-v1,5 3 11 5 9,amount close DIV amount SUB,5,10,True,,0.00636453989341806,43377,1.0,987435667.7719283,2337.0,0.00636453989341806,0.002373740449188033,0.5228925973470261,0.16038640531413512,3.501925545571245,random_000261
random_000262,random,phase3a-v1,1 16 24 5 14 4 19 14 1 8 16 11 11,high DELAY5 DECAY amount SIGN volume MA10 SIGN high ADD DELAY5 DIV DIV,13,10,True,,0.0013561737847679414,43114,0.9939368789911704,12.108941652099638,2337.0,0.0013561737847679414,0.002372123595731653,0.527599486521181,0.03417557937615212,3.501925545571245,random_000262
random_000263,random,phase3a-v1,5 4 9,amount volume SUB,3,10,True,,0.005774329314541373,43377,1.0,1451313698.4668431,2337.0,0.005774329314541373,0.0018908462399007953,0.5228925973470261,0.1455130987264426,3.501925545571245,random_000263
random_000264,random,phase3a-v1,4 20 15 12,volume MA20 DELAY1 NEG,4,10,True,,0.003039207618269688,42997,0.991239597021463,6664009.894671384,2337.0,0.003039207618269688,0.005229561014901324,0.5571245186136072,0.07658803198039613,3.501925545571245,random_000264
random_000265,random,phase3a-v1,3 5 24 16 24 8,close amount DECAY DELAY5 DECAY ADD,6,10,True,,0.005808370382901434,43214,0.9962422481960486,1364308560.1519938,2337.0,0.005808370382901434,0.0021236804088209382,0.5241762943945228,0.14637093364911613,3.501925545571245,random_000265
random_000266,random,phase3a-v1,3 2 12 15 4 20 23 9 18 20 14 17 8,close low NEG DELAY1 volume MA20 RET10 SUB MA5 MA20 SIGN DELAY10 ADD,13,10,True,,0.0012942753313206785,42217,0.9732577172234134,1.4596758027418506,2337.0,0.0012942753313206785,0.0026126429463861345,0.5310226786478391,0.032615738349281095,3.501925545571245,random_000266
random_000267,random,phase3a-v1,2 3 13 22 8,low close ABS RET5 ADD,5,10,True,,0.0012945130051571097,43290,0.997994328791756,1.458866102742579,2337.0,0.0012945130051571097,0.0026126429463861345,0.5297389816003423,0.032621727729959166,3.501925545571245,random_000267
random_000268,random,phase3a-v1,1 17 18 17 24 16 14 3 19 11,high DELAY10 MA5 DELAY10 DECAY DELAY5 SIGN close MA10 DIV,10,10,True,,0.005583251942294915,42818,0.9871129861447311,0.5373062567962347,2337.0,0.005583251942294915,0.00137994189718324,0.519469405220368,0.14069794894583185,3.501925545571245,random_000268
random_000269,random,phase3a-v1,0 12 0 3 23 10 16 16 20 14 10 14,open NEG open close RET10 MUL DELAY5 DELAY5 MA20 SIGN MUL SIGN,12,10,True,,0.004585742497400902,42654,0.9833321806487308,0.9974368355277848,2337.0,0.004585742497400902,0.004381336472099845,0.558408215661104,0.11556071093450274,3.501925545571245,random_000269
random_000270,random,phase3a-v1,4 20 5 12 9,volume MA20 amount NEG SUB,5,10,True,,0.0057844220297880175,43016,0.9916776171703898,1465331682.6583421,2337.0,0.0057844220297880175,0.001820195126561101,0.5224646983311938,0.14576743515065804,3.501925545571245,random_000270
random_000271,random,phase3a-v1,2 20 16 20 14 15 16 6 17 11 15,low MA20 DELAY5 MA20 SIGN DELAY1 DELAY5 CONST_0 DELAY10 DIV DELAY1,11,10,False,non_finite_result,-5.0,0,0.0,,,,,,,,
random_000272,random,phase3a-v1,6 13 4 11,CONST_0 ABS volume DIV,4,10,False,constant_signal,-2.0,43372,0.9998847315397561,0.0,,,,,,,
random_000273,random,phase3a-v1,5 18 5 10,amount MA5 amount MUL,4,10,True,,0.005857033887345903,43301,0.9982479194042926,1.5934896383316832e+19,2337.0,0.005857033887345903,0.001607717041800627,0.5207531022678648,0.14759725396111673,3.501925545571245,random_000273
random_000274,random,phase3a-v1,3 7 10,close CONST_1 MUL,3,10,True,,0.0012942753313206785,43377,1.0,1.4701958182912132,2337.0,0.0012942753313206785,0.0026126429463861345,0.5310226786478391,0.032615738349281095,3.501925545571245,random_000274
random_000275,random,phase3a-v1,6 2 23 5 21 20 24 23 21 8 9,CONST_0 low RET10 amount STD10 MA20 DECAY RET10 STD10 ADD SUB,11,10,True,,0.00109121704031846,42446,0.9785370127025843,0.3297268018165593,2337.0,0.00109121704031846,0.0015672656452977718,0.5198973042362003,0.02749866941602519,3.501925545571245,random_000275
random_000276,random,phase3a-v1,6 16 15 16 3 11,CONST_0 DELAY5 DELAY1 DELAY5 close DIV,6,10,False,constant_signal,-2.0,43355,0.9994928187749268,0.0,,,,,,,
random_000277,random,phase3a-v1,2 6 24 11 18 2 11,low CONST_0 DECAY DIV MA5 low DIV,7,10,False,non_finite_result,-5.0,0,0.0,,,,,,,,
random_000278,random,phase3a-v1,7 24 22 2 24 6 8 9 20,CONST_1 DECAY RET5 low DECAY CONST_0 ADD SUB MA20,9,10,True,,0.005506255062871305,42968,0.9905710399520483,1.448016409360434,2337.0,0.005506255062871305,0.001192836135676593,0.5190415062045357,0.1387576275843569,3.501925545571245,random_000278
random_000279,random,phase3a-v1,3 16 6 14 15 19 24 3 23 10 10,close DELAY5 CONST_0 SIGN DELAY1 MA10 DECAY close RET10 MUL MUL,11,10,False,constant_signal,-2.0,43199,0.9958964428153169,0.0,,,,,,,
random_000280,random,phase3a-v1,7 7 0 22 21 21 15 24 20 13 11 9,CONST_1 CONST_1 open RET5 STD10 STD10 DELAY1 DECAY MA20 ABS DIV SUB,12,10,True,,0.0032490435010282133,42522,0.9802890932982917,137.1571669467158,2337.0,0.0032490435010282133,0.0031986531986531452,0.5305947796320069,0.08187589622591097,3.501925545571245,random_000280
random_000281,random,phase3a-v1,6 14 7 7 17 3 10 10 11,CONST_0 SIGN CONST_1 CONST_1 DELAY10 close MUL MUL DIV,9,10,False,constant_signal,-2.0,43357,0.9995389261590244,0.0,,,,,,,
random_000282,random,phase3a-v1,0 17 21,open DELAY10 STD10,3,10,True,,0.0019831173336476863,43034,0.9920925836272679,0.05456957700147071,2337.0,0.0019831173336476863,0.003080365277805003,0.527599486521181,0.04997455680792169,3.501925545571245,random_000282
random_000283,random,phase3a-v1,0 22 13,open RET5 ABS,3,10,True,,0.004476558571866579,43290,0.997994328791756,0.05117981330014279,2337.0,0.004476558571866579,0.003222778473091381,0.5361574668378263,0.11280927601103778,3.501925545571245,random_000283
random_000284,random,phase3a-v1,7 13 24,CONST_1 ABS DECAY,3,10,False,constant_signal,-2.0,43373,0.9999077852318049,0.0,,,,,,,
random_000285,random,phase3a-v1,7 6 24 10 2 10,CONST_1 CONST_0 DECAY MUL low MUL,6,10,False,constant_signal,-2.0,43373,0.9999077852318049,0.0,,,,,,,
random_000286,random,phase3a-v1,0 18 17 1 19 8 20,open MA5 DELAY10 high MA10 ADD MA20,7,10,True,,0.001008362444166977,42750,0.985545335085414,2.9315904788087903,2337.0,0.001008362444166977,0.0021240376189053944,0.5258878904578519,0.025410733593007818,3.501925545571245,random_000286
random_000287,random,phase3a-v1,5 19 0 15 3 5 9 12 9 8,amount MA10 open DELAY1 close amount SUB NEG SUB ADD,10,10,True,,0.003340965683698294,43206,0.9960578186596584,716318139.9694943,2337.0,0.003340965683698294,0.002224267525694157,0.5263157894736842,0.08419233522919702,3.501925545571245,random_000287
random_000288,random,phase3a-v1,5 14 5 2 23 2 20 18 20 9 9 8,amount SIGN amount low RET10 low MA20 MA5 MA20 SUB SUB ADD,12,10,True,,0.005750526497985693,42579,0.9816031537450722,1466859970.0315683,2337.0,0.005750526497985693,0.0017985611510791255,0.5220367993153616,0.14491326774923946,3.501925545571245,random_000288
random_000289,random,phase3a-v1,4 17 3 12 5 21 9 18 14 7 11 9,volume DELAY10 close NEG amount STD10 SUB MA5 SIGN CONST_1 DIV SUB,12,10,True,,0.005363764096664095,43130,0.994305738063951,7452542.112118328,2337.0,0.005363764096664095,0.0009220867010808209,0.5147625160462131,0.1351668552359352,3.501925545571245,random_000289
random_000290,random,phase3a-v1,4 12 24 7 9,volume NEG DECAY CONST_1 SUB,5,10,True,,0.003428780976372704,43339,0.9991239597021463,7193161.018319692,2337.0,0.003428780976372704,0.005371514572520469,0.5626872058194267,0.08640528060459214,3.501925545571245,random_000290
random_000291,random,phase3a-v1,2 1 17 18 23 9,low high DELAY10 MA5 RET10 SUB,6,10,True,,0.0012507288126456877,42949,0.9901330198031215,1.4532881320257824,2337.0,0.0012507288126456877,0.0024615858479867525,0.527599486521181,0.031518366078671325,3.501925545571245,random_000291
random_000292,random,phase3a-v1,6 18 6 9,CONST_0 MA5 CONST_0 SUB,4,10,False,constant_signal,-2.0,43369,0.9998155704636097,0.0,,,,,,,
random_000293,random,phase3a-v1,2 1 8 24 14 2 16 22 24 8,low high ADD DECAY SIGN low DELAY5 RET5 DECAY ADD,10,10,True,,0.005103148923255232,43157,0.9949281877492681,0.05234242817869737,2337.0,0.005103148923255232,0.0027973305346803055,0.5318784766795036,0.12859935286603183,3.501925545571245,random_000293
random_000294,random,phase3a-v1,7 3 24 17 13 20 9 24,CONST_1 close DECAY DELAY10 ABS MA20 SUB DECAY,8,10,True,,0.0050456188766369,42768,0.985960301542292,1.4601337051557988,2337.0,0.0050456188766369,0.0009721103270952103,0.5126230209670518,0.1271495956912499,3.501925545571245,random_000294
random_000295,random,phase3a-v1,0 1 12 12 8,open high NEG NEG ADD,5,10,True,,0.0011902435019318831,43377,1.0,2.9517867185042577,2337.0,0.0011902435019318831,0.0026126429463861345,0.5305947796320069,0.029994136248683457,3.501925545571245,random_000295
random_000296,random,phase3a-v1,4 17 15 13 19 1 17 23 18 10,volume DELAY10 DELAY1 ABS MA10 high DELAY10 RET10 MA5 MUL,10,10,True,,0.004760990443598104,42939,0.9899024828826336,1112335.7617999404,2337.0,0.004760990443598104,0.0015121689334287314,0.519469405220368,0.11997695917867221,3.501925545571245,random_000296
random_000297,random,phase3a-v1,4 4 9 15,volume volume SUB DELAY1,4,10,False,constant_signal,-2.0,43358,0.9995619798510732,0.0,,,,,,,
random_000298,random,phase3a-v1,4 20 17 17 7 14 10 5 17 11,volume MA20 DELAY10 DELAY10 CONST_1 SIGN MUL amount DELAY10 DIV,10,10,True,,0.003785528382164173,42667,0.983631878645365,0.015754329730129277,2337.0,0.003785528382164173,0.002446196763245645,0.5241762943945228,0.09539531523053715,3.501925545571245,random_000298
random_000299,random,phase3a-v1,3 17 7 9,close DELAY10 CONST_1 SUB,4,10,True,,0.0012609823002180693,43205,0.9960347649676096,1.4670126351774984,2337.0,0.0012609823002180693,0.002126565921317399,0.5237483953786907,0.03177675396549535,3.501925545571245,random_000299
