step,avg_reward,std_reward,best_reward,valid_rate,invalid_rate,invalid_vm_rate,non_finite_rate,constant_rate,low_coverage_rate,avg_formula_len,entropy,loss,elapsed_seconds,avg_allowed_actions
1,-1.1688690185546875,2.006086826324463,0.006878246107346835,0.71875,0.28125,0.0,0.203125,0.078125,0.0,15.1875,41.642486572265625,-1.1275049448013306,11.107125516980886,17.956801470588236
2,-1.2319711446762085,1.9994704723358154,0.006878246107346835,0.6875,0.3125,0.0,0.203125,0.109375,0.0,15.375,41.18479919433594,-0.04667556285858154,22.09514637599932,17.566176470588236
3,-1.2628206014633179,1.9958511590957642,0.006878246107346835,0.671875,0.328125,0.0,0.203125,0.125,0.0,15.46875,41.17107009887695,0.1372755765914917,32.53459878999274,17.530330882352942
4,-0.8250743746757507,1.7563858032226562,0.006878246107346835,0.796875,0.203125,0.0,0.140625,0.046875,0.015625,14.90625,39.889034271240234,-0.2128763198852539,45.1956239399733,16.985294117647058
5,-1.0437333583831787,1.8927521705627441,0.006878246107346835,0.734375,0.265625,0.0,0.171875,0.09375,0.0,14.671875,39.636898040771484,-1.4405863285064697,56.55497223098064,16.939338235294116
6,-1.0440253019332886,1.8925905227661133,0.006878246107346835,0.734375,0.265625,0.0,0.171875,0.09375,0.0,15.234375,41.072998046875,-0.8913933634757996,66.96658172999742,17.608455882352942
7,-0.8405135869979858,1.8234037160873413,0.006878246107346835,0.8125,0.1875,0.0,0.15625,0.015625,0.015625,15.046875,40.67643356323242,-0.012201189994812012,78.54159109300235,17.417279411764707
8,-0.7315006852149963,1.6044607162475586,0.006878246107346835,0.796875,0.203125,0.0,0.109375,0.09375,0.0,15.359375,41.1094856262207,1.0658297538757324,91.06555786397075,17.54136029411765
9,-0.9032701253890991,1.8276668787002563,0.006878246107346835,0.78125,0.21875,0.0,0.15625,0.0625,0.0,15.40625,41.30674362182617,-1.0249605178833008,103.56952862697653,17.715073529411764
10,-0.5907717943191528,1.4982495307922363,0.006878246107346835,0.84375,0.15625,0.0,0.09375,0.046875,0.015625,14.59375,39.408042907714844,-0.8364154100418091,116.91967461700551,16.990808823529413
11,-0.5438961982727051,1.4035009145736694,0.006878246107346835,0.84375,0.15625,0.0,0.078125,0.0625,0.015625,14.65625,39.50977325439453,-1.333727478981018,130.01871094701346,16.987132352941178
12,-0.5590233206748962,1.4895498752593994,0.006878246107346835,0.859375,0.140625,0.0,0.09375,0.046875,0.0,15.34375,41.29240798950195,0.049201130867004395,143.7054465059773,17.787683823529413
13,-0.4030609428882599,1.2599824666976929,0.006878246107346835,0.890625,0.109375,0.0,0.0625,0.046875,0.0,15.265625,40.89072799682617,-0.32677745819091797,157.55243698199047,17.606617647058822
14,-0.6687938570976257,1.592828631401062,0.006878246107346835,0.828125,0.171875,0.0,0.109375,0.0625,0.0,15.4375,40.914913177490234,0.8101015090942383,170.77309881796828,17.557904411764707
15,-0.30936917662620544,0.9990266561508179,0.006878246107346835,0.890625,0.109375,0.0,0.03125,0.078125,0.0,15.0,39.87934875488281,0.8780462741851807,184.91980316198897,17.123161764705884
16,-0.34004706144332886,1.2285704612731934,0.006878246107346835,0.921875,0.078125,0.0,0.0625,0.015625,0.0,15.046875,40.03234100341797,-0.8175517320632935,199.21706194098806,17.229779411764707
17,-0.5591460466384888,1.4895035028457642,0.006878246107346835,0.859375,0.140625,0.0,0.09375,0.03125,0.015625,14.828125,39.24357986450195,-1.5731309652328491,212.79068775399355,16.886029411764707
18,-0.2775478959083557,0.9768491387367249,0.006878246107346835,0.90625,0.09375,0.0,0.03125,0.046875,0.015625,14.6875,39.1196174621582,0.23785138130187988,226.12722811399726,16.91452205882353
19,-0.57457435131073,1.5705907344818115,0.006878246107346835,0.875,0.125,0.0,0.109375,0.015625,0.0,15.640625,40.73866271972656,-0.9013363122940063,238.49493202602025,17.465992647058822
20,-0.4339917302131653,1.274428367614746,0.006878246107346835,0.875,0.125,0.0,0.0625,0.0625,0.0,15.09375,40.215694427490234,-1.8072724342346191,250.9221152329701,17.422794117647058
21,-0.24676285684108734,0.9528229236602783,0.006878246107346835,0.921875,0.078125,0.0,0.03125,0.03125,0.015625,14.9375,39.56780242919922,-0.03077077865600586,264.05006681301165,17.081801470588236
22,-0.2308877408504486,1.0576298236846924,0.006878246107346835,0.953125,0.046875,0.0,0.046875,0.0,0.0,15.140625,39.9046516418457,-0.7229803800582886,277.6176642039791,17.223345588235293
23,-0.8094655871391296,1.820310115814209,0.006878246107346835,0.828125,0.171875,0.0,0.15625,0.015625,0.0,14.875,39.496368408203125,-1.1509594917297363,290.76927853398956,17.196691176470587
24,-0.340313583612442,1.2284958362579346,0.006878246107346835,0.921875,0.078125,0.0,0.0625,0.015625,0.0,15.046875,39.62114715576172,-0.7314391136169434,305.57368000998395,17.18198529411765
25,-0.40286964178085327,1.2600438594818115,0.006878246107346835,0.890625,0.109375,0.0,0.0625,0.046875,0.0,15.28125,40.120059967041016,0.21905577182769775,319.84113025298575,17.434742647058822
26,-0.2464713454246521,0.952899694442749,0.006878246107346835,0.921875,0.078125,0.0,0.03125,0.046875,0.0,15.4375,40.40359878540039,-0.9792008399963379,334.24764353898354,17.516544117647058
27,-0.26213836669921875,1.0796639919281006,0.006878246107346835,0.9375,0.0625,0.0,0.046875,0.015625,0.0,15.28125,40.01325607299805,-0.3383573293685913,348.27541501499945,17.3125
28,-0.2307351976633072,1.0576636791229248,0.006878246107346835,0.953125,0.046875,0.0,0.046875,0.0,0.0,15.015625,39.232486724853516,-1.3538060188293457,363.4406751130009,17.053308823529413
29,-0.4027126431465149,1.2600947618484497,0.006878246107346835,0.890625,0.109375,0.0,0.0625,0.046875,0.0,15.109375,39.94309997558594,-0.19160616397857666,377.37933879799675,17.46323529411765
30,-0.3872433602809906,1.1551765203475952,0.006878246107346835,0.875,0.125,0.0,0.046875,0.078125,0.0,15.3125,39.67050552368164,-1.860099196434021,390.68284694099566,17.205882352941178
31,-0.26230427622795105,1.0796231031417847,0.006878246107346835,0.9375,0.0625,0.0,0.046875,0.015625,0.0,15.390625,39.97612762451172,-0.7552697658538818,404.0600125460187,17.350183823529413
32,-0.26184892654418945,1.0797351598739624,0.006878246107346835,0.9375,0.0625,0.0,0.046875,0.015625,0.0,15.28125,39.36145782470703,-0.49329590797424316,417.45575142797315,17.051470588235293
33,-0.23057326674461365,1.0576995611190796,0.006878246107346835,0.953125,0.046875,0.0,0.046875,0.0,0.0,15.59375,40.47129821777344,-0.7795263528823853,431.1188108829665,17.63511029411765
34,-0.3086490035057068,1.211302638053894,0.006878246107346835,0.9375,0.0625,0.0,0.0625,0.0,0.0,15.421875,40.18309783935547,-1.9091405868530273,444.57871462596813,17.540441176470587
35,-0.24600787460803986,0.9530210494995117,0.006878246107346835,0.921875,0.078125,0.0,0.03125,0.046875,0.0,15.234375,39.10320281982422,-0.2270420789718628,459.0701536000124,17.011948529411764
36,-0.30917349457740784,0.9990878105163574,0.006878246107346835,0.890625,0.109375,0.0,0.03125,0.078125,0.0,14.984375,38.68592834472656,0.6640744209289551,471.80436697998084,16.912683823529413
37,-0.18371228873729706,0.9000095725059509,0.006878246107346835,0.953125,0.046875,0.0,0.03125,0.015625,0.0,15.21875,39.31122589111328,-1.2257976531982422,485.3988382280222,17.217830882352942
38,-0.08987781405448914,0.4236038625240326,0.006878246107346835,0.953125,0.046875,0.0,0.0,0.046875,0.0,15.5,39.72761535644531,2.1650919914245605,499.9201984049869,17.345588235294116
39,-0.18401069939136505,0.8999477028846741,0.006878246107346835,0.953125,0.046875,0.0,0.03125,0.015625,0.0,15.140625,38.99244689941406,-1.309851884841919,514.6614818060189,17.10202205882353
40,-0.1368752121925354,0.7049167156219482,0.006878246107346835,0.953125,0.046875,0.0,0.015625,0.03125,0.0,15.09375,38.34567642211914,-0.8726445436477661,529.4671400790103,16.77389705882353
41,-0.30903491377830505,1.2112032175064087,0.006878246107346835,0.9375,0.0625,0.0,0.0625,0.0,0.0,15.453125,40.13508605957031,-1.2536532878875732,544.4420372839668,17.751838235294116
42,-0.1527034491300583,0.8706017732620239,0.006878246107346835,0.96875,0.03125,0.0,0.03125,0.0,0.0,15.84375,40.30744934082031,-0.6815189719200134,559.8189883590094,17.698529411764707
43,-0.1522510051727295,0.8706827759742737,0.006878246107346835,0.96875,0.03125,0.0,0.03125,0.0,0.0,15.6875,39.960357666015625,-0.7514394521713257,575.1822620760067,17.564338235294116
44,-0.027417728677392006,0.24852748215198517,0.006878246107346835,0.984375,0.015625,0.0,0.0,0.015625,0.0,14.953125,37.63005065917969,1.548170804977417,590.477558234008,16.423713235294116
45,-0.0740199089050293,0.6206169724464417,0.006878246107346835,0.984375,0.015625,0.0,0.015625,0.0,0.0,15.453125,39.992591857910156,-1.098418116569519,606.2244030300062,17.74448529411765
46,-0.1053280308842659,0.6648684740066528,0.006878246107346835,0.96875,0.03125,0.0,0.015625,0.015625,0.0,15.515625,39.880210876464844,-0.034438133239746094,621.5758891599835,17.657169117647058
47,0.003973602782934904,0.0016749243950471282,0.006878246107346835,1.0,0.0,0.0,0.0,0.0,0.0,15.484375,38.761962890625,-0.613970160484314,637.4167517719907,17.067095588235293
48,-0.15227589011192322,0.8706784248352051,0.006878246107346835,0.96875,0.03125,0.0,0.03125,0.0,0.0,15.65625,39.968841552734375,-1.1273696422576904,652.5030951059889,17.749080882352942
49,-0.07416750490665436,0.6205984354019165,0.006878246107346835,0.984375,0.015625,0.0,0.015625,0.0,0.0,15.53125,39.5264778137207,-1.306316614151001,668.1025365170208,17.532169117647058
50,-0.10537540167570114,0.6648610830307007,0.006878246107346835,0.96875,0.03125,0.0,0.015625,0.015625,0.0,15.703125,39.62123107910156,-1.4318922758102417,683.4996940909768,17.512867647058822
51,-0.1054970845580101,0.6648409962654114,0.006878246107346835,0.96875,0.03125,0.0,0.015625,0.015625,0.0,15.875,40.281471252441406,-0.16993534564971924,698.9029396969709,17.894301470588236
52,-0.18348252773284912,0.9000576734542847,0.006878246107346835,0.953125,0.046875,0.0,0.03125,0.015625,0.0,15.75,39.24270248413086,-0.9489967823028564,713.7524903449812,17.301470588235293
53,-0.1525452435016632,0.8706302642822266,0.006878246107346835,0.96875,0.03125,0.0,0.03125,0.0,0.0,14.984375,37.75523376464844,-1.2482433319091797,729.1369587740046,16.74448529411765
54,-0.23029975593090057,1.0577603578567505,0.006878246107346835,0.953125,0.046875,0.0,0.046875,0.0,0.0,15.59375,38.544776916503906,-1.1121971607208252,744.3085029029753,17.03125
55,-0.07427190244197845,0.6205855011940002,0.006878246107346835,0.984375,0.015625,0.0,0.015625,0.0,0.0,15.875,39.89303970336914,-0.1947535276412964,759.6419563100208,17.795955882352942
56,-0.026831477880477905,0.24859978258609772,0.006878246107346835,0.984375,0.015625,0.0,0.0,0.015625,0.0,14.984375,37.67639923095703,-1.026540756225586,775.2818705239915,16.754595588235293
57,-0.07432252168655396,0.6205788850784302,0.006878246107346835,0.984375,0.015625,0.0,0.015625,0.0,0.0,15.875,39.46455764770508,0.060378968715667725,790.8892003530054,17.46875
58,-0.074200838804245,0.6205940246582031,0.006878246107346835,0.984375,0.015625,0.0,0.015625,0.0,0.0,15.78125,39.23965072631836,-0.4535778760910034,806.3151147909812,17.404411764705884
59,-0.10543357580900192,0.6648513674736023,0.006878246107346835,0.96875,0.03125,0.0,0.015625,0.015625,0.0,15.453125,38.955326080322266,0.05085110664367676,820.2191145030083,17.43198529411765
60,-0.18387866020202637,0.8999752402305603,0.006878246107346835,0.953125,0.046875,0.0,0.03125,0.015625,0.0,15.765625,39.120948791503906,-0.4191288948059082,835.1656777099706,17.329963235294116
61,0.004392059054225683,0.0015035370597615838,0.006878246107346835,1.0,0.0,0.0,0.0,0.0,0.0,15.53125,38.35797882080078,0.8038308620452881,851.0259080629912,17.037683823529413
62,-0.13664883375167847,0.7049620151519775,0.006878246107346835,0.953125,0.046875,0.0,0.015625,0.03125,0.0,14.875,37.53659439086914,-1.9473739862442017,866.18834977597,16.834558823529413
63,-0.15197819471359253,0.8707315325737,0.006878246107346835,0.96875,0.03125,0.0,0.03125,0.0,0.0,15.484375,38.52188491821289,-0.8147186636924744,881.5227320360136,17.154411764705884
64,0.00392686203122139,0.0016452535055577755,0.006878246107346835,1.0,0.0,0.0,0.0,0.0,0.0,15.796875,38.93531036376953,-0.31507545709609985,895.6765191539889,17.38511029411765
65,-0.027082063257694244,0.24856886267662048,0.006878246107346835,0.984375,0.015625,0.0,0.0,0.015625,0.0,15.6875,39.055686950683594,0.4479563236236572,909.8613080459763,17.44485294117647
66,-0.027069663628935814,0.24857090413570404,0.006878246107346835,0.984375,0.015625,0.0,0.0,0.015625,0.0,15.015625,37.228729248046875,1.307544231414795,925.2811469640001,16.589154411764707
67,0.004021591506898403,0.0016478573670610785,0.006878246107346835,1.0,0.0,0.0,0.0,0.0,0.0,15.8125,39.43098831176758,0.7040435075759888,941.2284910379676,17.715992647058822
68,-0.07402561604976654,0.6206164360046387,0.006878246107346835,0.984375,0.015625,0.0,0.015625,0.0,0.0,15.578125,38.59336471557617,-1.5222187042236328,956.8482450289885,17.272058823529413
69,-0.05815733224153519,0.3487686812877655,0.006878246107346835,0.96875,0.03125,0.0,0.0,0.03125,0.0,15.9375,39.12600326538086,-0.9818364381790161,971.9832155489712,17.543198529411764
70,0.004149492830038071,0.0018333136104047298,0.006878246107346835,1.0,0.0,0.0,0.0,0.0,0.0,15.484375,37.528812408447266,-1.041860580444336,987.8534520359826,16.862132352941178
71,-0.026851383969187737,0.24859698116779327,0.006878246107346835,0.984375,0.015625,0.0,0.0,0.015625,0.0,15.28125,37.301090240478516,1.7524508237838745,1003.5187790389755,16.69485294117647
72,-0.1518988311290741,0.8707456588745117,0.006878246107346835,0.96875,0.03125,0.0,0.03125,0.0,0.0,15.59375,38.531333923339844,-0.557201623916626,1017.2739536290173,17.440257352941178
73,0.004428967833518982,0.0014085239963606,0.006878246107346835,1.0,0.0,0.0,0.0,0.0,0.0,15.5,37.82075500488281,-1.1247785091400146,1031.4883197279996,17.0625
74,-0.02679019421339035,0.24860495328903198,0.006878246107346835,0.984375,0.015625,0.0,0.0,0.015625,0.0,15.25,37.338165283203125,0.5540746450424194,1046.944364844996,16.897058823529413
75,0.004362861160188913,0.001494872965849936,0.006878246107346835,1.0,0.0,0.0,0.0,0.0,0.0,15.6875,37.22742462158203,-0.8816527128219604,1062.7917987330002,16.73988970588235
76,-0.10536540299654007,0.6648626327514648,0.006878246107346835,0.96875,0.03125,0.0,0.015625,0.015625,0.0,15.46875,37.61323547363281,-1.4772480726242065,1078.255152135971,17.089154411764707
77,0.004470637068152428,0.00146570079959929,0.006878246107346835,1.0,0.0,0.0,0.0,0.0,0.0,15.390625,37.401268005371094,-0.32604336738586426,1093.8513415799825,16.986213235294116
78,-0.026876071467995644,0.24859467148780823,0.006878246107346835,0.984375,0.015625,0.0,0.0,0.015625,0.0,15.75,37.98066711425781,-0.30416297912597656,1109.181345983001,17.269301470588236
79,-0.15184594690799713,0.8707556128501892,0.006878246107346835,0.96875,0.03125,0.0,0.03125,0.0,0.0,15.46875,37.22140884399414,-0.9971280694007874,1124.5667513849912,16.983455882352942
80,0.004620739258825779,0.001216598553583026,0.006878246107346835,1.0,0.0,0.0,0.0,0.0,0.0,15.625,37.478240966796875,-1.5891988277435303,1140.4666063020122,17.081801470588236
81,0.00457474309951067,0.0013249936746433377,0.006878246107346835,1.0,0.0,0.0,0.0,0.0,0.0,15.75,37.91053009033203,-0.3534057140350342,1156.2516290330095,17.384191176470587
82,0.004585614427924156,0.0013720160350203514,0.006878246107346835,1.0,0.0,0.0,0.0,0.0,0.0,15.859375,37.549800872802734,-0.4896862804889679,1171.8181313980022,17.168198529411764
83,-0.1518547534942627,0.8707535266876221,0.006878246107346835,0.96875,0.03125,0.0,0.03125,0.0,0.0,15.4375,36.96778106689453,-0.532425045967102,1187.1602405169979,16.94485294117647
84,-0.07348538190126419,0.6206841468811035,0.006878246107346835,0.984375,0.015625,0.0,0.015625,0.0,0.0,15.546875,36.88493728637695,-0.6350120902061462,1202.7913929059869,16.965073529411764
85,0.0044838860630989075,0.0015225836541503668,0.006878246107346835,1.0,0.0,0.0,0.0,0.0,0.0,15.625,36.59989929199219,0.7903501987457275,1218.610130258021,16.86764705882353
86,-0.2613263428211212,1.0798635482788086,0.006878246107346835,0.9375,0.0625,0.0,0.046875,0.015625,0.0,15.359375,36.438018798828125,-1.764137864112854,1233.1773464090074,16.96323529411765
87,-0.10513895004987717,0.6648993492126465,0.006878246107346835,0.96875,0.03125,0.0,0.015625,0.015625,0.0,15.640625,36.95124816894531,0.010478556156158447,1248.5145910520223,17.157169117647058
88,0.004303074441850185,0.0016874271677806973,0.006878246107346835,1.0,0.0,0.0,0.0,0.0,0.0,15.734375,36.739070892333984,0.18033868074417114,1264.3975673909881,17.082720588235293
89,0.004840596579015255,0.0011847782880067825,0.006878246107346835,1.0,0.0,0.0,0.0,0.0,0.0,15.65625,36.06793212890625,-0.013557150959968567,1280.1897919159965,16.823529411764707
90,-0.026507670059800148,0.248639777302742,0.006878246107346835,0.984375,0.015625,0.0,0.0,0.015625,0.0,15.796875,36.94548416137695,3.471029758453369,1295.5379338099738,17.412683823529413
91,0.004653990734368563,0.0012743889819830656,0.006878246107346835,1.0,0.0,0.0,0.0,0.0,0.0,16.0,36.65412521362305,-1.4900832176208496,1311.3713873340166,17.183823529411764
92,0.004869065713137388,0.001152035896666348,0.006878246107346835,1.0,0.0,0.0,0.0,0.0,0.0,15.828125,36.141807556152344,-1.5198071002960205,1327.2894300789922,17.032169117647058
93,-0.02643761597573757,0.24864870309829712,0.006878246107346835,0.984375,0.015625,0.0,0.0,0.015625,0.0,15.484375,35.65013122558594,2.2793283462524414,1342.5777312199934,16.892463235294116
94,-0.02623172476887703,0.2486737221479416,0.006878246107346835,0.984375,0.015625,0.0,0.0,0.015625,0.0,16.0,36.17058181762695,-0.05459040403366089,1358.2175424849847,17.059742647058822
95,-0.07352842390537262,0.6206784844398499,0.006878246107346835,0.984375,0.015625,0.0,0.015625,0.0,0.0,15.359375,34.94087600708008,-0.41378509998321533,1373.718798146001,16.702205882352942
96,0.00480054784566164,0.001430035918019712,0.006878246107346835,1.0,0.0,0.0,0.0,0.0,0.0,15.734375,35.629730224609375,-1.4008243083953857,1389.5493304869742,17.08547794117647
97,0.00471488106995821,0.0011196293635293841,0.006878246107346835,1.0,0.0,0.0,0.0,0.0,0.0,16.0,35.69051742553711,0.5676014423370361,1404.993007352983,16.940257352941178
98,-0.10475057363510132,0.6649632453918457,0.006878246107346835,0.96875,0.03125,0.0,0.015625,0.015625,0.0,15.890625,35.89105987548828,-1.1325595378875732,1420.3323779749917,17.20863970588235
99,0.0049719796516001225,0.0012936756247654557,0.006878246107346835,1.0,0.0,0.0,0.0,0.0,0.0,16.0,35.88358688354492,-0.991309404373169,1436.0652541550226,17.287683823529413
100,0.004999604541808367,0.001231191330589354,0.006878246107346835,1.0,0.0,0.0,0.0,0.0,0.0,16.0,36.431396484375,-0.6155602931976318,1451.6541975400178,17.59926470588235
101,0.004866441711783409,0.0011913920752704144,0.006878246107346835,1.0,0.0,0.0,0.0,0.0,0.0,15.578125,34.061424255371094,-1.8118054866790771,1466.9177047049743,16.455882352941178
102,0.004880955442786217,0.001331197563558817,0.006878246107346835,1.0,0.0,0.0,0.0,0.0,0.0,16.0,35.524166107177734,-1.4227969646453857,1482.7956902359729,17.264705882352942
103,-0.026139678433537483,0.24868515133857727,0.006878246107346835,0.984375,0.015625,0.0,0.0,0.015625,0.0,15.9375,35.53137969970703,-0.5656952857971191,1498.0229114129907,17.284007352941178
104,-0.07317604869604111,0.6207221150398254,0.006878246107346835,0.984375,0.015625,0.0,0.015625,0.0,0.0,15.984375,35.14657974243164,-0.02443140745162964,1513.6390336320037,17.231617647058822
105,0.005044146440923214,0.0012662336230278015,0.006878246107346835,1.0,0.0,0.0,0.0,0.0,0.0,15.453125,34.43178939819336,-2.2358226776123047,1529.14527004899,17.011948529411764
106,0.005181679967790842,0.000942956714425236,0.006878246107346835,1.0,0.0,0.0,0.0,0.0,0.0,16.0,34.44923400878906,-1.8074110746383667,1543.3467590410146,16.951286764705884
107,0.004993070848286152,0.0014806123217567801,0.006878246107346835,1.0,0.0,0.0,0.0,0.0,0.0,15.203125,33.220008850097656,-1.8329663276672363,1557.5131794799818,16.561580882352942
108,-0.10446563363075256,0.6650099158287048,0.006878246107346835,0.96875,0.03125,0.0,0.015625,0.015625,0.0,15.40625,34.130332946777344,-0.4954078197479248,1571.369495654013,17.095588235294116
109,0.005099935457110405,0.0012820686679333448,0.006878246107346835,1.0,0.0,0.0,0.0,0.0,0.0,15.71875,33.791255950927734,-1.3472450971603394,1586.693660133984,16.865808823529413
110,0.0049650282599031925,0.0013963490491732955,0.006878246107346835,1.0,0.0,0.0,0.0,0.0,0.0,15.484375,33.21915817260742,-2.4491028785705566,1602.6112932590186,16.66636029411765
111,-0.02617480419576168,0.24868084490299225,0.006878246107346835,0.984375,0.015625,0.0,0.0,0.015625,0.0,15.75,33.99452590942383,-0.755933940410614,1618.2227479200228,17.049632352941178
112,0.005186543799936771,0.001136347302235663,0.006878246107346835,1.0,0.0,0.0,0.0,0.0,0.0,15.25,33.252784729003906,-0.43745553493499756,1633.8203997560195,16.943933823529413
113,0.005307994782924652,0.0009810877963900566,0.006878246107346835,1.0,0.0,0.0,0.0,0.0,0.0,15.921875,34.174156188964844,-2.5032925605773926,1649.8183737649815,17.409007352941178
114,-0.0731540247797966,0.6207253932952881,0.006878246107346835,0.984375,0.015625,0.0,0.015625,0.0,0.0,15.609375,33.24810791015625,-0.7507485151290894,1665.4316092809895,16.91452205882353
115,0.00542233232408762,0.0007463509100489318,0.006878246107346835,1.0,0.0,0.0,0.0,0.0,0.0,15.671875,32.77627944946289,0.21412742137908936,1681.2929829889908,16.84375
116,-0.07280988991260529,0.6207681894302368,0.006878246107346835,0.984375,0.015625,0.0,0.015625,0.0,0.0,15.796875,33.503543853759766,-1.594395399093628,1696.6375137509895,17.278492647058822
117,0.005268456414341927,0.0010373486438766122,0.006878246107346835,1.0,0.0,0.0,0.0,0.0,0.0,15.8125,33.54375076293945,-2.064422607421875,1712.5119811330223,17.370404411764707
118,-0.025987446308135986,0.24870380759239197,0.006878246107346835,0.984375,0.015625,0.0,0.0,0.015625,0.0,15.8125,32.994686126708984,-2.5190372467041016,1728.1217545280233,17.19761029411765
119,0.005449559539556503,0.0007148083532229066,0.006878246107346835,1.0,0.0,0.0,0.0,0.0,0.0,15.734375,32.78106689453125,-0.5772906541824341,1743.8681523739942,17.176470588235293
120,0.005147117655724287,0.001116124913096428,0.006878246107346835,1.0,0.0,0.0,0.0,0.0,0.0,15.734375,31.84340476989746,-0.5330197811126709,1759.4366464699851,16.721507352941178
121,0.005378947593271732,0.0008592304075136781,0.006878246107346835,1.0,0.0,0.0,0.0,0.0,0.0,15.640625,32.427452087402344,-0.9627798795700073,1775.276550236973,17.165441176470587
122,0.00528681231662631,0.0009465761831961572,0.006878246107346835,1.0,0.0,0.0,0.0,0.0,0.0,15.96875,32.28582763671875,-2.402164936065674,1791.0894348109723,17.206801470588236
123,0.005285139195621014,0.0008042081026360393,0.006878246107346835,1.0,0.0,0.0,0.0,0.0,0.0,15.796875,30.908306121826172,-3.0998246669769287,1806.9131411699927,16.482536764705884
124,0.00524497264996171,0.00103923084679991,0.006878246107346835,1.0,0.0,0.0,0.0,0.0,0.0,15.546875,31.309797286987305,-2.1752848625183105,1821.1049650380155,16.780330882352942
125,0.0055487873032689095,0.0006581093184649944,0.006878246107346835,1.0,0.0,0.0,0.0,0.0,0.0,15.8125,30.589008331298828,-2.170673131942749,1835.4157607660163,16.563419117647058
126,0.00544677535071969,0.0008083565626293421,0.006878246107346835,1.0,0.0,0.0,0.0,0.0,0.0,15.890625,31.09480857849121,-2.5640175342559814,1851.0148458770127,16.94577205882353
127,0.005661126226186752,0.0004103084502276033,0.006878246107346835,1.0,0.0,0.0,0.0,0.0,0.0,15.984375,30.834392547607422,-1.737939476966858,1866.9151332559995,16.918198529411764
128,0.005483261309564114,0.000667739484924823,0.006878246107346835,1.0,0.0,0.0,0.0,0.0,0.0,15.875,30.43378448486328,-2.3680388927459717,1882.8081937259994,16.823529411764707
129,0.005535139702260494,0.0007055964088067412,0.006878246107346835,1.0,0.0,0.0,0.0,0.0,0.0,15.984375,30.102312088012695,-1.3691182136535645,1898.4652111940086,16.794117647058822
130,0.005555006209760904,0.000557663501240313,0.006878246107346835,1.0,0.0,0.0,0.0,0.0,0.0,16.0,28.619800567626953,-0.7469453811645508,1913.9988808970083,16.20863970588235
131,0.005539910867810249,0.0007042970391921699,0.006878246107346835,1.0,0.0,0.0,0.0,0.0,0.0,16.0,29.558488845825195,-1.1975733041763306,1929.82771168201,16.764705882352942
132,0.00535027589648962,0.0009765243157744408,0.006878246107346835,1.0,0.0,0.0,0.0,0.0,0.0,15.828125,29.179119110107422,-2.289367914199829,1945.6602451360086,16.731617647058822
133,0.005520801059901714,0.0007424476789310575,0.006878246107346835,1.0,0.0,0.0,0.0,0.0,0.0,16.0,28.639081954956055,-2.104614019393921,1961.48549800599,16.537683823529413
134,0.005662478040903807,0.0003848443157039583,0.006878246107346835,1.0,0.0,0.0,0.0,0.0,0.0,15.78125,27.724443435668945,-2.0485334396362305,1976.959187735978,16.220588235294116
135,0.005627342499792576,0.0004952868912369013,0.006878246107346835,1.0,0.0,0.0,0.0,0.0,0.0,15.828125,27.994611740112305,-1.340712308883667,1992.7522255689837,16.38327205882353
136,0.005618051625788212,0.0004942684317938983,0.006878246107346835,1.0,0.0,0.0,0.0,0.0,0.0,15.671875,26.87759780883789,-0.6177356243133545,2008.5418426619726,16.037683823529413
137,0.005578399635851383,0.0005490691983141005,0.006878246107346835,1.0,0.0,0.0,0.0,0.0,0.0,16.0,27.458419799804688,-2.081570625305176,2022.6826512920088,16.496323529411764
138,0.005488234106451273,0.0007615314680151641,0.006878246107346835,1.0,0.0,0.0,0.0,0.0,0.0,15.59375,27.67413330078125,-2.969801425933838,2037.7096683569835,16.613970588235293
139,0.005534878931939602,0.0006518607260659337,0.006878246107346835,1.0,0.0,0.0,0.0,0.0,0.0,15.84375,26.94470977783203,-1.6222604513168335,2053.0430498889764,16.454963235294116
140,0.005732287652790546,0.000285453861579299,0.006878246107346835,1.0,0.0,0.0,0.0,0.0,0.0,15.796875,26.775146484375,-0.5141963958740234,2068.6672637549927,16.486213235294116
141,0.005457584280520678,0.0008182680467143655,0.006878246107346835,1.0,0.0,0.0,0.0,0.0,0.0,15.90625,26.103538513183594,-2.7242703437805176,2084.432591651974,16.301470588235293
142,0.005492623895406723,0.0008323115180246532,0.006878246107346835,1.0,0.0,0.0,0.0,0.0,0.0,15.859375,26.366168975830078,-1.543684959411621,2099.396200329007,16.5625
143,0.005519875790923834,0.000900991668459028,0.006878246107346835,1.0,0.0,0.0,0.0,0.0,0.0,15.796875,26.35218048095703,-0.6536503434181213,2114.4968601879664,16.691176470588236
144,0.00546646025031805,0.0009085875353775918,0.006878246107346835,1.0,0.0,0.0,0.0,0.0,0.0,16.0,25.208890914916992,-2.2019476890563965,2129.4470426840126,16.19577205882353
145,0.005705752409994602,0.00029050439479760826,0.006878246107346835,1.0,0.0,0.0,0.0,0.0,0.0,16.0,26.471742630004883,-2.298002004623413,2144.2148473840207,16.990808823529413
146,0.005704264622181654,0.000389239372452721,0.006878246107346835,1.0,0.0,0.0,0.0,0.0,0.0,15.796875,24.765085220336914,-1.928432822227478,2159.3750580219785,16.375
147,-0.0726742371916771,0.6207852363586426,0.006878246107346835,0.984375,0.015625,0.0,0.015625,0.0,0.0,15.984375,24.084671020507812,-1.1133308410644531,2175.055279013992,16.027573529411764
148,0.005653920583426952,0.00047250292846001685,0.006878246107346835,1.0,0.0,0.0,0.0,0.0,0.0,16.0,24.64714813232422,-2.6127076148986816,2190.8431981860194,16.589154411764707
149,0.005582832265645266,0.0007166420109570026,0.006878246107346835,1.0,0.0,0.0,0.0,0.0,0.0,16.0,23.80326271057129,-3.0347423553466797,2206.3715973930084,16.342830882352942
150,0.005763656459748745,0.00017439847579225898,0.006878246107346835,1.0,0.0,0.0,0.0,0.0,0.0,16.0,23.273645401000977,0.1768321990966797,2222.0591146430233,16.21875
151,0.005665747448801994,0.0004122670798096806,0.006878246107346835,1.0,0.0,0.0,0.0,0.0,0.0,16.0,22.775623321533203,-2.7785744667053223,2237.848816962971,16.087316176470587
152,0.005603846162557602,0.0007691173814237118,0.006878246107346835,1.0,0.0,0.0,0.0,0.0,0.0,16.0,23.07543182373047,-0.8281362056732178,2253.5717807899928,16.34375
153,0.005780132487416267,0.00019213263294659555,0.006878246107346835,1.0,0.0,0.0,0.0,0.0,0.0,15.828125,21.639083862304688,0.2961603105068207,2268.1652048800024,15.680147058823529
154,0.005509486421942711,0.0009186849929392338,0.006878246107346835,1.0,0.0,0.0,0.0,0.0,0.0,16.0,21.728679656982422,-2.038963556289673,2283.972140103986,15.829044117647058
155,0.005679263733327389,0.00047158304369077086,0.006878246107346835,1.0,0.0,0.0,0.0,0.0,0.0,15.890625,21.775423049926758,-2.090960741043091,2299.4832103009685,15.940257352941176
156,0.005684894975274801,0.00045598557335324585,0.006878246107346835,1.0,0.0,0.0,0.0,0.0,0.0,16.0,21.50808334350586,-2.758439064025879,2315.273411059985,15.839154411764707
157,0.005752986297011375,0.0003032429958693683,0.006878246107346835,1.0,0.0,0.0,0.0,0.0,0.0,16.0,22.144067764282227,-1.7244277000427246,2331.030381063989,16.317095588235293
158,0.005757130216807127,0.000188435849850066,0.006878246107346835,1.0,0.0,0.0,0.0,0.0,0.0,15.828125,20.526004791259766,-1.9277985095977783,2346.7608709170017,15.574448529411764
159,0.005738314241170883,0.0003423419257160276,0.006878246107346835,1.0,0.0,0.0,0.0,0.0,0.0,15.875,20.745744705200195,-0.7507497072219849,2362.1610319030005,15.840992647058824
160,0.005562671460211277,0.0007503380766138434,0.006878246107346835,1.0,0.0,0.0,0.0,0.0,0.0,16.0,19.74258041381836,-1.3204400539398193,2377.8648768640123,15.374080882352942
161,0.005736282095313072,0.0002870917378459126,0.006878246107346835,1.0,0.0,0.0,0.0,0.0,0.0,15.875,19.824172973632812,-1.2460227012634277,2393.542377582984,15.483455882352942
162,0.005714499391615391,0.000361401034751907,0.006878246107346835,1.0,0.0,0.0,0.0,0.0,0.0,16.0,19.302413940429688,-2.343414783477783,2409.2800103239715,15.394301470588236
163,0.005722753703594208,0.0004162473778706044,0.006878246107346835,1.0,0.0,0.0,0.0,0.0,0.0,16.0,19.418567657470703,-0.15966171026229858,2424.6625626049936,15.626838235294118
164,0.005761508364230394,0.0002377320488449186,0.006878246107346835,1.0,0.0,0.0,0.0,0.0,0.0,16.0,19.331493377685547,-1.6058106422424316,2440.364865280979,15.516544117647058
165,0.005758851766586304,0.00020401913207024336,0.006878246107346835,1.0,0.0,0.0,0.0,0.0,0.0,16.0,19.407604217529297,-0.8113237619400024,2456.18185410602,15.625
166,0.005672008264809847,0.00047110088053159416,0.006878246107346835,1.0,0.0,0.0,0.0,0.0,0.0,16.0,19.305940628051758,-3.635654926300049,2471.9157627869863,15.677389705882353
167,0.005766827147454023,0.0001773883996065706,0.006878246107346835,1.0,0.0,0.0,0.0,0.0,0.0,16.0,18.890350341796875,-0.24922394752502441,2487.0033989929943,15.533088235294118
168,0.005710096098482609,0.0004236350650899112,0.006878246107346835,1.0,0.0,0.0,0.0,0.0,0.0,16.0,18.49945831298828,-1.4704222679138184,2502.6976688780123,15.587316176470589
169,0.00573149835690856,0.000321197381708771,0.006878246107346835,1.0,0.0,0.0,0.0,0.0,0.0,16.0,18.659231185913086,-0.7534830570220947,2518.376929965976,15.557904411764707
170,0.005724686663597822,0.0004345571214798838,0.006878246107346835,1.0,0.0,0.0,0.0,0.0,0.0,16.0,17.947649002075195,-1.3109732866287231,2533.823757536011,15.338235294117647
171,0.005734386388212442,0.00037429394433274865,0.006878246107346835,1.0,0.0,0.0,0.0,0.0,0.0,16.0,17.56749725341797,-2.2923166751861572,2549.409799391986,15.057904411764707
172,0.005789914168417454,8.665338827995583e-05,0.006878246107346835,1.0,0.0,0.0,0.0,0.0,0.0,16.0,16.94309425354004,-1.847930908203125,2565.093778828974,14.869485294117647
173,0.005796570796519518,6.766076694475487e-05,0.006878246107346835,1.0,0.0,0.0,0.0,0.0,0.0,16.0,16.94477081298828,0.7707422971725464,2580.783498089004,15.090073529411764
174,0.005704119335860014,0.00045770895667374134,0.006878246107346835,1.0,0.0,0.0,0.0,0.0,0.0,15.984375,17.26426124572754,-2.605635404586792,2596.1688967510127,15.202205882352942
175,0.005728535819798708,0.00033335405169054866,0.006878246107346835,1.0,0.0,0.0,0.0,0.0,0.0,16.0,16.83769416809082,-0.7167344689369202,2611.8317179210135,15.225183823529411
176,0.005787992384284735,7.783436012687162e-05,0.006878246107346835,1.0,0.0,0.0,0.0,0.0,0.0,16.0,17.029260635375977,-0.8273825645446777,2627.523142858001,15.294117647058824
177,0.005714990198612213,0.00035987026058137417,0.006878246107346835,1.0,0.0,0.0,0.0,0.0,0.0,16.0,17.587692260742188,-2.327003002166748,2643.008034677012,15.663602941176471
178,0.005792406853288412,5.376159242587164e-05,0.006878246107346835,1.0,0.0,0.0,0.0,0.0,0.0,16.0,16.363666534423828,-0.6008619666099548,2658.6226628959994,15.102941176470589
179,0.005782587453722954,0.00014622857270296663,0.006878246107346835,1.0,0.0,0.0,0.0,0.0,0.0,16.0,17.156299591064453,-1.2385050058364868,2674.34710795898,15.545036764705882
180,-0.02558567188680172,0.24875305593013763,0.006878246107346835,0.984375,0.015625,0.0,0.0,0.015625,0.0,16.0,16.67630386352539,-0.43343210220336914,2689.8136414099718,15.353860294117647
181,0.005748712457716465,0.0002931986527983099,0.006878246107346835,1.0,0.0,0.0,0.0,0.0,0.0,16.0,16.556640625,-0.12117791175842285,2703.8247075229883,15.394301470588236
182,0.00580912921577692,6.632172880927101e-05,0.006878246107346835,1.0,0.0,0.0,0.0,0.0,0.0,16.0,16.30011749267578,0.4723302125930786,2717.867988469021,15.370404411764707
183,0.005785530898720026,0.00019638029334601015,0.006878246107346835,1.0,0.0,0.0,0.0,0.0,0.0,16.0,15.723444938659668,-1.0465039014816284,2731.9654567330144,14.898897058823529
184,-0.07243691384792328,0.6208146214485168,0.006878246107346835,0.984375,0.015625,0.0,0.015625,0.0,0.0,16.0,15.463815689086914,-1.7473840713500977,2745.8879953880096,14.862132352941176
185,0.005635032430291176,0.0006309588789008558,0.006878246107346835,1.0,0.0,0.0,0.0,0.0,0.0,16.0,15.990346908569336,-0.7395558953285217,2760.8321738879895,15.1875
186,0.005793444812297821,0.00016505712119396776,0.006878246107346835,1.0,0.0,0.0,0.0,0.0,0.0,16.0,16.21993064880371,-0.1480739712715149,2776.1816716539906,15.462316176470589
187,0.005813039373606443,5.926006633671932e-05,0.006878246107346835,1.0,0.0,0.0,0.0,0.0,0.0,16.0,15.110426902770996,-1.0609793663024902,2791.0619144840166,14.716911764705882
188,0.005775717087090015,0.0002049418108072132,0.006878246107346835,1.0,0.0,0.0,0.0,0.0,0.0,15.984375,15.641277313232422,-1.6862859725952148,2806.908003602992,15.045036764705882
189,0.005815633572638035,6.852292426628992e-05,0.006878246107346835,1.0,0.0,0.0,0.0,0.0,0.0,15.8125,15.865599632263184,-0.9359670281410217,2821.0631886469782,15.113051470588236
190,0.0058252448216080666,5.563241938943975e-05,0.006878246107346835,1.0,0.0,0.0,0.0,0.0,0.0,16.0,15.486190795898438,1.0409311056137085,2835.247510326968,14.985294117647058
191,0.005802110303193331,0.00012299478112254292,0.006878246107346835,1.0,0.0,0.0,0.0,0.0,0.0,16.0,15.475499153137207,-0.19770920276641846,2849.402767378022,15.030330882352942
192,0.005825660657137632,7.126561104087159e-05,0.006878246107346835,1.0,0.0,0.0,0.0,0.0,0.0,16.0,15.526384353637695,-1.1682243347167969,2864.99071185902,15.146139705882353
193,0.005810168106108904,0.0001618836249690503,0.006878246107346835,1.0,0.0,0.0,0.0,0.0,0.0,16.0,15.74482250213623,-0.8668196201324463,2880.8243391020223,15.180147058823529
194,0.0057351794093847275,0.00042313573067076504,0.006878246107346835,1.0,0.0,0.0,0.0,0.0,0.0,16.0,16.028732299804688,-0.6894370317459106,2896.6111034540227,15.382352941176471
195,0.005831928923726082,5.829766087117605e-05,0.006878246107346835,1.0,0.0,0.0,0.0,0.0,0.0,16.0,14.882471084594727,0.6854604482650757,2912.387788972992,14.806066176470589
196,0.005691067781299353,0.0005413738545030355,0.006878246107346835,1.0,0.0,0.0,0.0,0.0,0.0,15.796875,15.747781753540039,-1.8965102434158325,2927.8529372870107,15.126838235294118
197,-0.07241079956293106,0.6208179593086243,0.006878246107346835,0.984375,0.015625,0.0,0.015625,0.0,0.0,16.0,15.750731468200684,-2.965351104736328,2943.3481167859863,15.204044117647058
198,0.005752173252403736,0.0003876178234349936,0.006878246107346835,1.0,0.0,0.0,0.0,0.0,0.0,16.0,15.882950782775879,-1.0315395593643188,2959.091475937981,15.315257352941176
199,0.005763088818639517,0.0002792316663544625,0.006878246107346835,1.0,0.0,0.0,0.0,0.0,0.0,15.796875,15.805574417114258,-2.3051555156707764,2974.8191637459677,15.246323529411764
200,0.005768752656877041,0.00035578510141931474,0.006878246107346835,1.0,0.0,0.0,0.0,0.0,0.0,16.0,15.89260196685791,-0.12311184406280518,2990.2236088180216,15.411764705882353
201,0.005811458453536034,0.00017075310461223125,0.006878246107346835,1.0,0.0,0.0,0.0,0.0,0.0,16.0,15.33443546295166,-1.204221487045288,3005.929405316012,15.113051470588236
202,-0.025583922863006592,0.24875330924987793,0.006878246107346835,0.984375,0.015625,0.0,0.0,0.015625,0.0,16.0,15.641786575317383,0.6416674852371216,3021.386125650024,15.317095588235293
203,0.005821871105581522,0.00015378590615000576,0.006878246107346835,1.0,0.0,0.0,0.0,0.0,0.0,15.796875,16.4105224609375,-1.7619794607162476,3037.114556241024,15.599264705882353
204,0.0057103936560451984,0.0006556765292771161,0.006878246107346835,1.0,0.0,0.0,0.0,0.0,0.0,16.0,15.870867729187012,-1.3788901567459106,3052.5138381989673,15.383272058823529
205,0.005813951604068279,0.0001891894353320822,0.006878246107346835,1.0,0.0,0.0,0.0,0.0,0.0,16.0,16.045387268066406,-1.9907711744308472,3068.372239194985,15.459558823529411
206,0.0058467816561460495,7.535470649600029e-05,0.006878246107346835,1.0,0.0,0.0,0.0,0.0,0.0,16.0,16.37570571899414,-0.5941694974899292,3084.1116066559916,15.743566176470589
207,0.005838649347424507,7.337209535762668e-05,0.006878246107346835,1.0,0.0,0.0,0.0,0.0,0.0,16.0,15.89548397064209,-2.1246581077575684,3099.8272609820124,15.481617647058824
208,0.0058348458260297775,7.981358794495463e-05,0.006878246107346835,1.0,0.0,0.0,0.0,0.0,0.0,15.984375,15.896985054016113,-1.974191427230835,3115.192580181989,15.559742647058824
209,0.005838921293616295,6.848706834716722e-05,0.006878246107346835,1.0,0.0,0.0,0.0,0.0,0.0,16.0,15.02376937866211,-2.0073909759521484,3130.939383452991,15.160845588235293
210,0.005734104197472334,0.0005058206734247506,0.006878246107346835,1.0,0.0,0.0,0.0,0.0,0.0,15.859375,14.654170989990234,-1.555895209312439,3146.650445694977,15.045955882352942
211,0.005815886426717043,0.00016241343109868467,0.006878246107346835,1.0,0.0,0.0,0.0,0.0,0.0,15.8125,14.3714017868042,-0.6605277061462402,3162.3449879550026,14.856617647058824
212,0.005796751938760281,0.0002939318655990064,0.006878246107346835,1.0,0.0,0.0,0.0,0.0,0.0,15.96875,14.370604515075684,-2.6265926361083984,3177.7511414659675,15.047794117647058
213,0.005821920931339264,0.00016316930123139173,0.006878246107346835,1.0,0.0,0.0,0.0,0.0,0.0,15.609375,14.049193382263184,-1.8595330715179443,3193.1110159339732,14.856617647058824
214,0.00581362284719944,0.00032686677877791226,0.006878246107346835,1.0,0.0,0.0,0.0,0.0,0.0,16.0,13.727875709533691,-1.1589093208312988,3207.1736545509775,14.817095588235293
215,0.005787303671240807,0.0003368405159562826,0.006878246107346835,1.0,0.0,0.0,0.0,0.0,0.0,16.0,13.750255584716797,-1.9942306280136108,3222.6877264810028,14.931985294117647
216,0.005840545054525137,0.00018438801635056734,0.006878246107346835,1.0,0.0,0.0,0.0,0.0,0.0,16.0,13.076263427734375,-0.49097394943237305,3238.468915097008,14.663602941176471
217,0.005841085687279701,0.00017694267444312572,0.006878246107346835,1.0,0.0,0.0,0.0,0.0,0.0,16.0,13.074298858642578,-1.1945873498916626,3253.599396198988,14.650735294117647
218,0.005813054274767637,0.0003272718167863786,0.006878246107346835,1.0,0.0,0.0,0.0,0.0,0.0,16.0,13.06128215789795,-2.489889144897461,3267.643327838974,14.768382352941176
219,0.005849807057529688,6.132868293207139e-05,0.006878246107346835,1.0,0.0,0.0,0.0,0.0,0.0,16.0,13.077841758728027,-0.9981392025947571,3281.883987630019,14.900735294117647
220,0.005817692261189222,0.00024124523042701185,0.006878246107346835,1.0,0.0,0.0,0.0,0.0,0.0,16.0,13.175164222717285,-1.097334623336792,3296.075453735015,14.979779411764707
221,0.005853333976119757,5.628512008115649e-05,0.006878246107346835,1.0,0.0,0.0,0.0,0.0,0.0,16.0,13.392654418945312,-1.2201682329177856,3311.7204273219686,15.185661764705882
222,0.0058256275951862335,0.0002457567024976015,0.006878246107346835,1.0,0.0,0.0,0.0,0.0,0.0,16.0,12.751370429992676,-0.9607385396957397,3327.5184739989927,14.857536764705882
223,0.005822218023240566,0.00023085784050635993,0.006878246107346835,1.0,0.0,0.0,0.0,0.0,0.0,16.0,12.861696243286133,-1.559057593345642,3343.1815369679825,14.858455882352942
224,0.005865522660315037,5.549173874896951e-05,0.006878246107346835,1.0,0.0,0.0,0.0,0.0,0.0,16.0,13.142005920410156,-0.7515312433242798,3357.4413895909674,15.077205882352942
225,-0.07234612852334976,0.620826005935669,0.006878246107346835,0.984375,0.015625,0.0,0.015625,0.0,0.0,16.0,13.504997253417969,-0.5315316319465637,3371.576638282975,15.342830882352942
226,0.005861547775566578,5.647186844726093e-05,0.006878246107346835,1.0,0.0,0.0,0.0,0.0,0.0,15.796875,13.11170768737793,-2.426131010055542,3385.748341561004,15.003676470588236
227,0.0058730789460241795,6.226199184311554e-05,0.006878246107346835,1.0,0.0,0.0,0.0,0.0,0.0,16.0,13.26430892944336,-2.0183777809143066,3399.9438290129765,15.212316176470589
228,0.005818863864988089,0.00036124291364103556,0.006878246107346835,1.0,0.0,0.0,0.0,0.0,0.0,16.0,13.116761207580566,-0.22436964511871338,3414.1386270789662,15.136948529411764
229,0.005824974272400141,0.0003097034932579845,0.006878246107346835,1.0,0.0,0.0,0.0,0.0,0.0,16.0,13.628984451293945,-1.252555251121521,3428.568724577024,15.409926470588236
230,0.005867856554687023,8.425384294241667e-05,0.006878246107346835,1.0,0.0,0.0,0.0,0.0,0.0,16.0,13.233013153076172,-1.020354986190796,3442.9810280230013,15.060661764705882
231,0.005871877074241638,5.8576966694090515e-05,0.006878246107346835,1.0,0.0,0.0,0.0,0.0,0.0,15.796875,13.177734375,-2.3040966987609863,3458.511966157006,15.065257352941176
232,0.005820265971124172,0.00034004446933977306,0.006878246107346835,1.0,0.0,0.0,0.0,0.0,0.0,16.0,13.236063003540039,-0.8376988172531128,3473.8877936369972,15.152573529411764
233,0.005871716421097517,7.780547457514331e-05,0.006878246107346835,1.0,0.0,0.0,0.0,0.0,0.0,16.0,13.841211318969727,-2.952451229095459,3489.2430294490186,15.634191176470589
234,0.005879959091544151,5.6855838920455426e-05,0.006878246107346835,1.0,0.0,0.0,0.0,0.0,0.0,16.0,13.405956268310547,-2.6168527603149414,3503.606143390003,15.251838235294118
235,0.005845201667398214,0.00021866508177481592,0.006878246107346835,1.0,0.0,0.0,0.0,0.0,0.0,16.0,13.51207447052002,-1.0775781869888306,3518.6776170969824,15.417279411764707
236,0.005867510102689266,7.192544580902904e-05,0.006878246107346835,1.0,0.0,0.0,0.0,0.0,0.0,16.0,13.215129852294922,-2.9661705493927,3534.0147508960217,15.350183823529411
237,0.005887606646865606,5.468014205689542e-05,0.006878246107346835,1.0,0.0,0.0,0.0,0.0,0.0,16.0,12.90086555480957,-1.4797046184539795,3549.339666297019,15.206801470588236
238,0.00588161451742053,6.0642993048531935e-05,0.006878246107346835,1.0,0.0,0.0,0.0,0.0,0.0,16.0,12.936619758605957,-1.5447056293487549,3564.3326071769698,15.34375
239,0.005864781327545643,8.262658229796216e-05,0.006878246107346835,1.0,0.0,0.0,0.0,0.0,0.0,16.0,12.943838119506836,-2.780738115310669,3580.1692154930206,15.460477941176471
240,0.005875385366380215,4.741912198369391e-05,0.006878246107346835,1.0,0.0,0.0,0.0,0.0,0.0,16.0,12.17770004272461,-1.8863966464996338,3595.9578412459814,15.056985294117647
241,0.005838632117956877,0.0002767229452729225,0.006878246107346835,1.0,0.0,0.0,0.0,0.0,0.0,16.0,12.177268028259277,-0.7235237956047058,3611.7671632400015,15.115808823529411
242,0.00588480057194829,5.002631587558426e-05,0.006878246107346835,1.0,0.0,0.0,0.0,0.0,0.0,16.0,11.963979721069336,-2.0877280235290527,3627.222009391,15.244485294117647
243,0.005892318207770586,5.2550538384821266e-05,0.006878246107346835,1.0,0.0,0.0,0.0,0.0,0.0,16.0,11.582651138305664,-0.7186674475669861,3642.9732412169687,14.973345588235293
244,0.00583284767344594,0.00029982521664351225,0.006878246107346835,1.0,0.0,0.0,0.0,0.0,0.0,16.0,11.61408805847168,-2.1817452907562256,3658.7407032250194,15.082720588235293
245,0.005882089491933584,5.0316742999712005e-05,0.006878246107346835,1.0,0.0,0.0,0.0,0.0,0.0,16.0,11.454076766967773,-1.20746648311615,3674.3725577989826,15.121323529411764
246,0.005888168700039387,4.828485180041753e-05,0.006878246107346835,1.0,0.0,0.0,0.0,0.0,0.0,16.0,11.4757661819458,-1.6732330322265625,3689.942789394001,15.159007352941176
247,0.005892729852348566,4.585376154864207e-05,0.006878246107346835,1.0,0.0,0.0,0.0,0.0,0.0,16.0,11.27741813659668,-2.3380486965179443,3705.7430908789975,15.108455882352942
248,0.005875172093510628,7.412530248984694e-05,0.006878246107346835,1.0,0.0,0.0,0.0,0.0,0.0,16.0,11.362136840820312,-3.0813612937927246,3721.5889803440077,15.408088235294118
249,0.005893023684620857,4.657160025089979e-05,0.006878246107346835,1.0,0.0,0.0,0.0,0.0,0.0,16.0,10.85133171081543,-0.9963666200637817,3737.3373437289847,14.994485294117647
250,0.005883357487618923,5.7656841818243265e-05,0.006878246107346835,1.0,0.0,0.0,0.0,0.0,0.0,16.0,10.672769546508789,-1.0907007455825806,3752.961200659978,15.002757352941176
251,0.005788567941635847,0.0005052878987044096,0.006878246107346835,1.0,0.0,0.0,0.0,0.0,0.0,16.0,10.41394329071045,-1.2477055788040161,3768.7556836070144,14.868566176470589
252,0.0058972775004804134,4.440060365595855e-05,0.006878246107346835,1.0,0.0,0.0,0.0,0.0,0.0,16.0,10.624926567077637,-1.0645051002502441,3784.4762424500077,15.144301470588236
253,0.005888898391276598,5.33490747329779e-05,0.006878246107346835,1.0,0.0,0.0,0.0,0.0,0.0,16.0,10.487537384033203,-2.2006874084472656,3800.2320691879722,15.002757352941176
254,0.0058944872580468655,4.1016272007254884e-05,0.006878246107346835,1.0,0.0,0.0,0.0,0.0,0.0,16.0,10.23302936553955,-0.26735538244247437,3815.644699333003,14.848345588235293
255,0.005873681977391243,0.00018113052647095174,0.006878246107346835,1.0,0.0,0.0,0.0,0.0,0.0,16.0,10.456196784973145,-1.735937237739563,3831.399203640991,15.154411764705882
256,0.005881763529032469,4.7899891796987504e-05,0.006878246107346835,1.0,0.0,0.0,0.0,0.0,0.0,16.0,10.321499824523926,-2.4467246532440186,3847.1270528269815,15.011029411764707
257,0.0058873724192380905,5.3881485655438155e-05,0.006878246107346835,1.0,0.0,0.0,0.0,0.0,0.0,16.0,10.294148445129395,-1.6061391830444336,3862.7977262359927,15.185661764705882
258,0.005873085465282202,0.00018623803043738008,0.006878246107346835,1.0,0.0,0.0,0.0,0.0,0.0,16.0,10.00578498840332,-0.9675175547599792,3878.2387562249787,14.923713235294118
259,0.005887726321816444,5.1861756219295785e-05,0.006878246107346835,1.0,0.0,0.0,0.0,0.0,0.0,16.0,10.090171813964844,-2.370131731033325,3893.984267428983,15.089154411764707
260,0.005891937296837568,5.129042983753607e-05,0.006878246107346835,1.0,0.0,0.0,0.0,0.0,0.0,16.0,9.978632926940918,-3.1142685413360596,3909.7202615289716,15.028492647058824
261,0.005891046952456236,4.403322236612439e-05,0.006878246107346835,1.0,0.0,0.0,0.0,0.0,0.0,16.0,9.784003257751465,-1.2698668241500854,3924.07365705102,15.014705882352942
262,0.005898448638617992,4.4775653805118054e-05,0.006878246107346835,1.0,0.0,0.0,0.0,0.0,0.0,16.0,9.615523338317871,-1.9111980199813843,3939.588269512984,15.076286764705882
263,0.005891946144402027,5.629637962556444e-05,0.006878246107346835,1.0,0.0,0.0,0.0,0.0,0.0,16.0,9.425729751586914,-2.0670900344848633,3954.1186901159817,14.911764705882353
264,0.00585934380069375,0.0002119244891218841,0.006878246107346835,1.0,0.0,0.0,0.0,0.0,0.0,16.0,9.127625465393066,-1.0004929304122925,3969.639648528013,14.761948529411764
265,0.005903072655200958,5.11770231241826e-05,0.006878246107346835,1.0,0.0,0.0,0.0,0.0,0.0,16.0,9.035547256469727,-0.9116550087928772,3985.416627295024,14.907169117647058
266,0.005887581501156092,5.421255264081992e-05,0.006878246107346835,1.0,0.0,0.0,0.0,0.0,0.0,16.0,8.678081512451172,-1.8341786861419678,3999.604344117979,14.620404411764707
267,0.005900532938539982,4.131429523113184e-05,0.006878246107346835,1.0,0.0,0.0,0.0,0.0,0.0,16.0,8.471090316772461,-2.1475305557250977,4013.968314867001,14.474264705882353
268,0.00587034784257412,0.00023679078731220216,0.006878246107346835,1.0,0.0,0.0,0.0,0.0,0.0,16.0,8.417598724365234,-0.5920290350914001,4028.1753304390004,14.631433823529411
269,0.005873429123312235,0.00018690705474000424,0.006878246107346835,1.0,0.0,0.0,0.0,0.0,0.0,16.0,8.429825782775879,-0.4931160509586334,4043.6775031959987,14.551470588235293
270,0.005877080839127302,0.00017657087300904095,0.006878246107346835,1.0,0.0,0.0,0.0,0.0,0.0,16.0,8.399751663208008,-1.5713672637939453,4059.580616326013,14.592830882352942
271,0.0058956509456038475,5.0538939831312746e-05,0.006878246107346835,1.0,0.0,0.0,0.0,0.0,0.0,16.0,8.424901008605957,-2.731426954269409,4075.413520189002,14.5625
272,0.005865949671715498,0.00023624424648005515,0.006878246107346835,1.0,0.0,0.0,0.0,0.0,0.0,16.0,8.312171936035156,-0.8507004976272583,4091.225152729021,14.648897058823529
273,0.005903160199522972,3.714917693287134e-05,0.006878246107346835,1.0,0.0,0.0,0.0,0.0,0.0,16.0,8.493378639221191,-1.2250263690948486,4106.310456175008,14.587316176470589
274,0.005882652476429939,0.0002157028065994382,0.006878246107346835,1.0,0.0,0.0,0.0,0.0,0.0,16.0,8.458234786987305,-0.7573882341384888,4121.591877185972,14.715073529411764
275,0.005849446635693312,0.0003756309160962701,0.006878246107346835,1.0,0.0,0.0,0.0,0.0,0.0,16.0,8.525177001953125,-1.1815235614776611,4136.913291463978,14.817095588235293
276,0.005912635009735823,3.826557076536119e-05,0.006878246107346835,1.0,0.0,0.0,0.0,0.0,0.0,16.0,8.81478214263916,-0.8663160800933838,4151.91919782199,14.919117647058824
277,0.005911806598305702,3.46799788530916e-05,0.006878246107346835,1.0,0.0,0.0,0.0,0.0,0.0,16.0,8.537675857543945,-1.4686484336853027,4167.208646555024,14.744485294117647
278,0.005906739272177219,3.753079363377765e-05,0.006878246107346835,1.0,0.0,0.0,0.0,0.0,0.0,16.0,8.49559497833252,-1.1493773460388184,4182.492689577979,14.804227941176471
279,0.005859565921127796,0.00031903956551104784,0.006878246107346835,1.0,0.0,0.0,0.0,0.0,0.0,15.828125,8.521202087402344,-1.2720531225204468,4197.797743736999,14.741727941176471
280,0.005858533084392548,0.000362614169716835,0.006878246107346835,1.0,0.0,0.0,0.0,0.0,0.0,16.0,8.583077430725098,-0.5301066637039185,4212.759271692019,14.953125
281,0.005907433107495308,4.5166307245381176e-05,0.006878246107346835,1.0,0.0,0.0,0.0,0.0,0.0,16.0,8.363407135009766,-1.629450798034668,4227.917116074008,14.840073529411764
282,0.005904814228415489,4.223369251121767e-05,0.006878246107346835,1.0,0.0,0.0,0.0,0.0,0.0,16.0,8.283388137817383,-1.6705142259597778,4242.040907006012,14.734375
283,0.005910353269428015,3.9383430703310296e-05,0.006878246107346835,1.0,0.0,0.0,0.0,0.0,0.0,16.0,8.107172966003418,-1.5882731676101685,4257.385476899974,14.668198529411764
284,0.00588375935330987,0.0001376416621496901,0.006878246107346835,1.0,0.0,0.0,0.0,0.0,0.0,16.0,8.300795555114746,-1.9751313924789429,4273.257098540023,14.723345588235293
285,0.005898939911276102,6.139392644399777e-05,0.006878246107346835,1.0,0.0,0.0,0.0,0.0,0.0,16.0,8.06395149230957,-2.4849634170532227,4289.097760776,14.621323529411764
286,0.0059006232768297195,4.456175520317629e-05,0.006878246107346835,1.0,0.0,0.0,0.0,0.0,0.0,16.0,8.1607027053833,-3.3072376251220703,4304.640105732018,14.869485294117647
287,0.0059188553132116795,3.1694195058662444e-05,0.006878246107346835,1.0,0.0,0.0,0.0,0.0,0.0,16.0,8.053203582763672,-1.1821110248565674,4320.424862387998,14.778492647058824
288,0.005899440497159958,4.542761962511577e-05,0.006878246107346835,1.0,0.0,0.0,0.0,0.0,0.0,16.0,8.02993106842041,-1.9626096487045288,4336.17930927698,14.773897058823529
289,0.005900269374251366,5.525615779333748e-05,0.006878246107346835,1.0,0.0,0.0,0.0,0.0,0.0,16.0,7.917263031005859,-2.310300350189209,4352.016874702997,14.756433823529411
290,0.005920237395912409,3.3353080652887e-05,0.006878246107346835,1.0,0.0,0.0,0.0,0.0,0.0,16.0,8.203805923461914,-1.7450393438339233,4366.431519894977,14.895220588235293
291,0.005902459379285574,4.4247284677112475e-05,0.006878246107346835,1.0,0.0,0.0,0.0,0.0,0.0,16.0,7.931906700134277,-1.8308953046798706,4381.995842456992,14.970588235294118
292,0.0059153614565730095,3.7977832107571885e-05,0.006878246107346835,1.0,0.0,0.0,0.0,0.0,0.0,16.0,7.888299942016602,-2.419297695159912,4397.818370649009,15.161764705882353
293,0.00589527515694499,4.4836961023975164e-05,0.006878246107346835,1.0,0.0,0.0,0.0,0.0,0.0,16.0,8.0794677734375,-1.5763300657272339,4413.623667992011,15.060661764705882
294,0.0058850739151239395,0.00018808226741384715,0.006878246107346835,1.0,0.0,0.0,0.0,0.0,0.0,16.0,7.750569820404053,-1.1771914958953857,4428.962755577988,14.910845588235293
295,0.005905164405703545,4.59586844954174e-05,0.006878246107346835,1.0,0.0,0.0,0.0,0.0,0.0,16.0,7.629086017608643,-1.6370830535888672,4443.946790987975,14.748161764705882
296,0.0058732302859425545,0.00027830025646835566,0.006878246107346835,1.0,0.0,0.0,0.0,0.0,0.0,16.0,7.43376350402832,-1.879350185394287,4458.056078540976,14.817095588235293
297,0.005891075823456049,0.0001897760375868529,0.006878246107346835,1.0,0.0,0.0,0.0,0.0,0.0,16.0,7.243936538696289,-1.4270776510238647,4473.084003522992,14.620404411764707
298,0.005918173585087061,3.7746944144601e-05,0.006878246107346835,1.0,0.0,0.0,0.0,0.0,0.0,16.0,7.038599014282227,-2.0016913414001465,4488.404394389014,14.6875
299,0.0059071374125778675,4.254013765603304e-05,0.006878246107346835,1.0,0.0,0.0,0.0,0.0,0.0,16.0,7.144691467285156,-2.444610118865967,4503.720252184023,14.644301470588236
300,0.005905113648623228,4.6186833060346544e-05,0.006878246107346835,1.0,0.0,0.0,0.0,0.0,0.0,16.0,7.100398540496826,-1.565906286239624,4518.196759883023,14.513786764705882
301,0.005904958583414555,3.809009285760112e-05,0.006878246107346835,1.0,0.0,0.0,0.0,0.0,0.0,16.0,6.970787525177002,-2.022019386291504,4533.272684063995,14.670036764705882
302,0.005913666915148497,3.6303739761933684e-05,0.006878246107346835,1.0,0.0,0.0,0.0,0.0,0.0,16.0,7.084987640380859,-1.1128653287887573,4548.617936181021,14.585477941176471
303,0.005855682771652937,0.0004243254370521754,0.006878246107346835,1.0,0.0,0.0,0.0,0.0,0.0,16.0,7.154508590698242,-2.343139171600342,4563.943100364006,14.841911764705882
304,0.005909837782382965,4.598184386850335e-05,0.006878246107346835,1.0,0.0,0.0,0.0,0.0,0.0,16.0,7.02382230758667,-2.3736114501953125,4579.280066344014,14.844669117647058
305,0.005919569171965122,3.602400465751998e-05,0.006878246107346835,1.0,0.0,0.0,0.0,0.0,0.0,16.0,6.624666213989258,-1.698361873626709,4594.262408802984,14.606617647058824
306,0.005918292794376612,4.0219845686806366e-05,0.006878246107346835,1.0,0.0,0.0,0.0,0.0,0.0,16.0,6.7062249183654785,-1.7111546993255615,4609.572052503005,14.682904411764707
307,0.005913016386330128,3.482713509583846e-05,0.006878246107346835,1.0,0.0,0.0,0.0,0.0,0.0,16.0,6.672060966491699,-1.697106122970581,4624.883113278018,14.830882352941176
308,0.005920818541198969,3.7239173252601177e-05,0.006878246107346835,1.0,0.0,0.0,0.0,0.0,0.0,16.0,6.795847415924072,-1.9286423921585083,4639.845899340988,14.799632352941176
309,0.0059072403237223625,5.0058821216225624e-05,0.006878246107346835,1.0,0.0,0.0,0.0,0.0,0.0,16.0,6.8186469078063965,-2.381091356277466,4655.161252320977,14.932904411764707
310,0.005919062532484531,3.7430349038913846e-05,0.006878246107346835,1.0,0.0,0.0,0.0,0.0,0.0,16.0,6.613480091094971,-1.8291704654693604,4670.676125928992,14.933823529411764
311,0.005913357716053724,4.107675340492278e-05,0.006878246107346835,1.0,0.0,0.0,0.0,0.0,0.0,16.0,6.642236232757568,-1.9580281972885132,4684.821861516975,14.798713235294118
312,0.0059082163497805595,6.576331361429766e-05,0.006878246107346835,1.0,0.0,0.0,0.0,0.0,0.0,16.0,6.491655349731445,-1.6942142248153687,4700.411408492015,14.708639705882353
313,0.005918217822909355,3.3579613955225796e-05,0.006878246107346835,1.0,0.0,0.0,0.0,0.0,0.0,16.0,6.091755390167236,-1.751433253288269,4716.239868435019,14.552389705882353
314,0.0059285713359713554,2.901095649576746e-05,0.006878246107346835,1.0,0.0,0.0,0.0,0.0,0.0,16.0,6.050655841827393,-1.6326724290847778,4732.022587217973,14.569852941176471
315,0.005918659269809723,4.2672440031310543e-05,0.006878246107346835,1.0,0.0,0.0,0.0,0.0,0.0,16.0,6.056900501251221,-1.6921508312225342,4747.816009469971,14.636029411764707
316,0.005910346284508705,4.0919927414506674e-05,0.006878246107346835,1.0,0.0,0.0,0.0,0.0,0.0,16.0,6.057013988494873,-1.6172776222229004,4763.287531183974,14.512867647058824
317,0.005919775925576687,3.4024858905468136e-05,0.006878246107346835,1.0,0.0,0.0,0.0,0.0,0.0,16.0,5.917709827423096,-1.9952524900436401,4779.0913593979785,14.518382352941176
318,0.005899436771869659,0.0001639239926589653,0.006878246107346835,1.0,0.0,0.0,0.0,0.0,0.0,16.0,5.819018363952637,-1.348303198814392,4794.833060203993,14.633272058823529
319,0.005922955460846424,3.588219260564074e-05,0.006878246107346835,1.0,0.0,0.0,0.0,0.0,0.0,16.0,5.689329147338867,-1.6325000524520874,4809.080496879993,14.528492647058824
320,0.005921809934079647,3.7088790122652426e-05,0.006878246107346835,1.0,0.0,0.0,0.0,0.0,0.0,16.0,5.895261287689209,-2.095755100250244,4824.6718866819865,14.670036764705882
321,0.0059025222435593605,0.00016599376976955682,0.006878246107346835,1.0,0.0,0.0,0.0,0.0,0.0,16.0,5.737919807434082,-1.0073034763336182,4840.494947511994,14.649816176470589
322,0.005928794853389263,2.789960490190424e-05,0.006878246107346835,1.0,0.0,0.0,0.0,0.0,0.0,16.0,5.675095081329346,-1.5367878675460815,4856.266574691981,14.630514705882353
323,0.005919900257140398,3.745922367670573e-05,0.006878246107346835,1.0,0.0,0.0,0.0,0.0,0.0,16.0,5.639835834503174,-1.7418224811553955,4872.053329102986,14.572610294117647
324,0.005930844694375992,2.9375029043876566e-05,0.006878246107346835,1.0,0.0,0.0,0.0,0.0,0.0,16.0,5.663236141204834,-1.0522531270980835,4887.513187372009,14.689338235294118
325,0.005919985473155975,4.693127266364172e-05,0.006878246107346835,1.0,0.0,0.0,0.0,0.0,0.0,16.0,5.627654075622559,-2.2755563259124756,4903.293554570992,14.642463235294118
326,0.005925264675170183,3.686711715999991e-05,0.006878246107346835,1.0,0.0,0.0,0.0,0.0,0.0,16.0,5.407087802886963,-2.33319354057312,4918.923322732968,14.680147058823529
327,0.005932424683123827,3.0088720450294204e-05,0.006878246107346835,1.0,0.0,0.0,0.0,0.0,0.0,16.0,5.156576156616211,-1.673313021659851,4933.886654125003,14.647977941176471
328,0.005930036772042513,3.298321826150641e-05,0.006878246107346835,1.0,0.0,0.0,0.0,0.0,0.0,16.0,5.2179412841796875,-1.5703734159469604,4949.155458297988,14.590992647058824
329,0.0059294318780303,3.049645783903543e-05,0.006878246107346835,1.0,0.0,0.0,0.0,0.0,0.0,16.0,5.289823055267334,-2.0010342597961426,4964.468985327985,14.604779411764707
330,0.005927874706685543,3.761631887755357e-05,0.006878246107346835,1.0,0.0,0.0,0.0,0.0,0.0,16.0,5.126770496368408,-1.8263174295425415,4979.807313177967,14.726102941176471
331,0.005923260468989611,3.764432040043175e-05,0.006878246107346835,1.0,0.0,0.0,0.0,0.0,0.0,16.0,5.463352203369141,-2.5020322799682617,4994.805426292005,14.733455882352942
332,0.005931238643825054,2.6318706659367308e-05,0.006878246107346835,1.0,0.0,0.0,0.0,0.0,0.0,16.0,5.13740348815918,-1.3742139339447021,5010.110569815966,14.722426470588236
333,0.005923835560679436,4.048545815749094e-05,0.006878246107346835,1.0,0.0,0.0,0.0,0.0,0.0,16.0,5.193721771240234,-2.178964853286743,5025.417818474001,14.730698529411764
334,0.005920012481510639,3.9894024666864425e-05,0.006878246107346835,1.0,0.0,0.0,0.0,0.0,0.0,16.0,4.960776329040527,-2.5009868144989014,5040.102380550001,14.712316176470589
335,0.00589060690253973,0.00031939102336764336,0.006878246107346835,1.0,0.0,0.0,0.0,0.0,0.0,16.0,5.007768630981445,-0.8081738948822021,5055.443755178014,14.822610294117647
336,0.005928444676101208,3.6715584428748116e-05,0.006878246107346835,1.0,0.0,0.0,0.0,0.0,0.0,16.0,4.695140838623047,-1.8566714525222778,5070.365804544999,14.547794117647058
337,0.005933518987149,2.542809488659259e-05,0.006878246107346835,1.0,0.0,0.0,0.0,0.0,0.0,16.0,4.80187463760376,-1.4055781364440918,5085.23471788998,14.617647058823529
338,0.005932188127189875,2.792541818052996e-05,0.006878246107346835,1.0,0.0,0.0,0.0,0.0,0.0,16.0,4.5396246910095215,-1.7738969326019287,5099.34482196602,14.46875
339,0.005924964789301157,4.0164293750422075e-05,0.006878246107346835,1.0,0.0,0.0,0.0,0.0,0.0,16.0,4.513858795166016,-2.253965377807617,5113.495300696988,14.474264705882353
340,0.005928742233663797,3.4191303711850196e-05,0.006878246107346835,1.0,0.0,0.0,0.0,0.0,0.0,16.0,4.324685096740723,-1.6985728740692139,5127.660711136996,14.482536764705882
341,0.005923697259277105,4.0249044104712084e-05,0.006878246107346835,1.0,0.0,0.0,0.0,0.0,0.0,16.0,4.4918694496154785,-2.2843496799468994,5141.9019311940065,14.542279411764707
342,0.005933532956987619,3.181597639922984e-05,0.006878246107346835,1.0,0.0,0.0,0.0,0.0,0.0,16.0,4.167769908905029,-1.4383485317230225,5156.115681118972,14.508272058823529
343,0.005927780643105507,2.9701879611820914e-05,0.006878246107346835,1.0,0.0,0.0,0.0,0.0,0.0,16.0,4.279787063598633,-2.498809337615967,5170.305805022013,14.612132352941176
344,0.0059288376942276955,3.551191548467614e-05,0.006878246107346835,1.0,0.0,0.0,0.0,0.0,0.0,16.0,4.411492347717285,-1.8024544715881348,5184.815144261986,14.596507352941176
345,0.005920516327023506,6.717193173244596e-05,0.006878246107346835,1.0,0.0,0.0,0.0,0.0,0.0,16.0,4.49404239654541,-2.7269628047943115,5199.299637046992,14.695772058823529
346,0.00592596223577857,3.058866423089057e-05,0.006878246107346835,1.0,0.0,0.0,0.0,0.0,0.0,16.0,4.547782897949219,-2.2326431274414062,5214.939587091969,14.809742647058824
347,0.0059356484562158585,2.2935408196644858e-05,0.006878246107346835,1.0,0.0,0.0,0.0,0.0,0.0,16.0,4.061568260192871,-1.6941907405853271,5230.819945576019,14.555147058823529
348,0.005940418690443039,1.475988028687425e-05,0.006878246107346835,1.0,0.0,0.0,0.0,0.0,0.0,16.0,3.99560546875,-1.0298131704330444,5246.667035656981,14.603860294117647
349,0.005933229345828295,2.8690057661151513e-05,0.006878246107346835,1.0,0.0,0.0,0.0,0.0,0.0,16.0,4.014162063598633,-1.42311429977417,5262.464581432985,14.65625
350,0.005930343177169561,3.301602919236757e-05,0.006878246107346835,1.0,0.0,0.0,0.0,0.0,0.0,16.0,4.05772066116333,-1.9620146751403809,5278.099171511014,14.685661764705882
351,0.005924541037529707,4.1062954551307485e-05,0.006878246107346835,1.0,0.0,0.0,0.0,0.0,0.0,16.0,4.040370941162109,-1.9219839572906494,5293.909914585995,14.6875
352,0.005936364643275738,2.3762240743963048e-05,0.006878246107346835,1.0,0.0,0.0,0.0,0.0,0.0,16.0,3.7084100246429443,-1.3834476470947266,5309.711777476012,14.553308823529411
353,0.0059334589168429375,2.692525231395848e-05,0.006878246107346835,1.0,0.0,0.0,0.0,0.0,0.0,16.0,3.613328218460083,-1.9343634843826294,5325.475578402984,14.453125
354,0.005925776902586222,3.612848013290204e-05,0.006878246107346835,1.0,0.0,0.0,0.0,0.0,0.0,16.0,3.7499656677246094,-2.510222911834717,5340.943751779967,14.540441176470589
355,0.005929215811192989,3.176772588631138e-05,0.006878246107346835,1.0,0.0,0.0,0.0,0.0,0.0,16.0,3.3309240341186523,-1.4881978034973145,5356.693735626992,14.397058823529411
356,0.0059296670369803905,2.7704809326678514e-05,0.006878246107346835,1.0,0.0,0.0,0.0,0.0,0.0,16.0,3.7985408306121826,-1.5857754945755005,5372.070607508009,14.520220588235293
357,0.005932767875492573,2.7122348910779692e-05,0.006878246107346835,1.0,0.0,0.0,0.0,0.0,0.0,16.0,3.349240303039551,-1.4772310256958008,5387.545842282008,14.34375
358,0.0059341005980968475,3.083398405578919e-05,0.006878246107346835,1.0,0.0,0.0,0.0,0.0,0.0,16.0,3.303304433822632,-1.7464016675949097,5403.268685949966,14.355698529411764
359,0.005934692453593016,2.5716552045196295e-05,0.006878246107346835,1.0,0.0,0.0,0.0,0.0,0.0,16.0,3.3196372985839844,-2.0287046432495117,5418.850865987013,14.415441176470589
360,0.005936824716627598,2.2664118660031818e-05,0.006878246107346835,1.0,0.0,0.0,0.0,0.0,0.0,16.0,3.4131391048431396,-1.7595505714416504,5434.282903797983,14.491727941176471
361,0.005935782101005316,2.722203134908341e-05,0.006878246107346835,1.0,0.0,0.0,0.0,0.0,0.0,16.0,3.4443087577819824,-1.5578804016113281,5450.0163891459815,14.428308823529411
362,0.005893853027373552,0.00031952818972058594,0.006878246107346835,1.0,0.0,0.0,0.0,0.0,0.0,16.0,3.3436005115509033,-1.178409457206726,5465.748551933968,14.503676470588236
363,0.00593178067356348,3.019651740032714e-05,0.006878246107346835,1.0,0.0,0.0,0.0,0.0,0.0,16.0,3.4800631999969482,-1.770093321800232,5481.480243480008,14.640625
364,0.005935805384069681,2.4384424250456505e-05,0.006878246107346835,1.0,0.0,0.0,0.0,0.0,0.0,16.0,3.572507858276367,-1.324040412902832,5496.523313076992,14.692095588235293
365,0.005932074040174484,3.116966399829835e-05,0.006878246107346835,1.0,0.0,0.0,0.0,0.0,0.0,16.0,3.6037092208862305,-1.2348792552947998,5512.229432208987,14.834558823529411
366,0.005931450519710779,3.117203596048057e-05,0.006878246107346835,1.0,0.0,0.0,0.0,0.0,0.0,16.0,3.6329078674316406,-1.747121810913086,5527.962899492006,14.78125
367,0.005923990160226822,4.417995296535082e-05,0.006878246107346835,1.0,0.0,0.0,0.0,0.0,0.0,16.0,3.593158006668091,-2.23390793800354,5543.664654274005,14.6875
368,0.005933841690421104,2.6726351279648952e-05,0.006878246107346835,1.0,0.0,0.0,0.0,0.0,0.0,16.0,3.0853638648986816,-1.712041974067688,5557.9190714340075,14.482536764705882
369,0.005930812563747168,5.5740023526595905e-05,0.006878246107346835,1.0,0.0,0.0,0.0,0.0,0.0,16.0,3.213911533355713,-3.25551176071167,5572.0017101959675,14.430147058823529
370,0.0059319413267076015,3.2019717764342204e-05,0.006878246107346835,1.0,0.0,0.0,0.0,0.0,0.0,16.0,3.060239791870117,-1.63435959815979,5587.250791669008,14.378676470588236
371,0.005933637730777264,2.2988902856013738e-05,0.006878246107346835,1.0,0.0,0.0,0.0,0.0,0.0,16.0,3.084796667098999,-1.4685969352722168,5603.07274602598,14.322610294117647
372,0.0058937668800354,0.0003196627658326179,0.006878246107346835,1.0,0.0,0.0,0.0,0.0,0.0,16.0,3.0650346279144287,-0.8180078268051147,5618.920310529997,14.423713235294118
373,0.0059298379346728325,2.9129480026313104e-05,0.006878246107346835,1.0,0.0,0.0,0.0,0.0,0.0,16.0,3.286349296569824,-1.3210184574127197,5634.366331277008,14.407169117647058
374,0.00593325961381197,2.7887444957741536e-05,0.006878246107346835,1.0,0.0,0.0,0.0,0.0,0.0,16.0,3.3561880588531494,-0.7743866443634033,5649.030056484975,14.416360294117647
375,0.0059312693774700165,2.7361931643099524e-05,0.006878246107346835,1.0,0.0,0.0,0.0,0.0,0.0,16.0,3.223090410232544,-1.2897980213165283,5664.502122581995,14.375
376,0.0059350901283323765,2.428021798550617e-05,0.006878246107346835,1.0,0.0,0.0,0.0,0.0,0.0,16.0,3.1481471061706543,-0.91068434715271,5680.266474721022,14.494485294117647
377,0.005939216818660498,2.0320307157817297e-05,0.006878246107346835,1.0,0.0,0.0,0.0,0.0,0.0,16.0,3.1881089210510254,-0.990523099899292,5696.011091399996,14.5
378,0.005936318077147007,2.29422530537704e-05,0.006878246107346835,1.0,0.0,0.0,0.0,0.0,0.0,16.0,3.1021323204040527,-1.4776438474655151,5711.285179317987,14.425551470588236
379,0.005903158336877823,0.0002715414157137275,0.006878246107346835,1.0,0.0,0.0,0.0,0.0,0.0,16.0,3.26275897026062,-3.0894784927368164,5726.225039132987,14.563419117647058
380,0.005938552785664797,1.9341654478921555e-05,0.006878246107346835,1.0,0.0,0.0,0.0,0.0,0.0,16.0,3.313805103302002,-1.0302438735961914,5740.800079884997,14.524816176470589
381,0.00593414856120944,3.1127310649026185e-05,0.006878246107346835,1.0,0.0,0.0,0.0,0.0,0.0,16.0,3.344973087310791,-1.4578256607055664,5755.010072520992,14.617647058823529
382,0.005940290633589029,1.7616159311728552e-05,0.006878246107346835,1.0,0.0,0.0,0.0,0.0,0.0,16.0,3.2114779949188232,-0.6118143200874329,5769.152846372977,14.547794117647058
383,0.005934913642704487,2.9193937734817155e-05,0.006878246107346835,1.0,0.0,0.0,0.0,0.0,0.0,16.0,3.2438552379608154,-1.6669504642486572,5783.341281344998,14.602941176470589
384,0.005931289866566658,3.521515100146644e-05,0.006878246107346835,1.0,0.0,0.0,0.0,0.0,0.0,16.0,3.3375449180603027,-1.6450093984603882,5797.555895967991,14.583639705882353
385,0.0059385523200035095,2.3947681256686337e-05,0.006878246107346835,1.0,0.0,0.0,0.0,0.0,0.0,16.0,3.1531615257263184,-1.223433494567871,5811.839877111022,14.528492647058824
386,0.005936986301094294,2.0613731976482086e-05,0.006878246107346835,1.0,0.0,0.0,0.0,0.0,0.0,16.0,2.984182357788086,-1.295771837234497,5826.106464029988,14.532169117647058
387,0.005940341390669346,1.5189337318588514e-05,0.006878246107346835,1.0,0.0,0.0,0.0,0.0,0.0,16.0,2.9526991844177246,-0.9022049903869629,5841.764321835013,14.488970588235293
388,0.0059384796768426895,2.1449064661283046e-05,0.006878246107346835,1.0,0.0,0.0,0.0,0.0,0.0,16.0,2.8800806999206543,-1.6328227519989014,5857.6620318000205,14.445772058823529
389,0.005935858003795147,2.521426540624816e-05,0.006878246107346835,1.0,0.0,0.0,0.0,0.0,0.0,16.0,2.939296007156372,-1.4505565166473389,5873.502957903023,14.444852941176471
390,0.005930331535637379,3.307513543404639e-05,0.006878246107346835,1.0,0.0,0.0,0.0,0.0,0.0,16.0,2.8623297214508057,-1.7324787378311157,5889.299003008986,14.378676470588236
391,0.005931446328759193,4.752618042402901e-05,0.006878246107346835,1.0,0.0,0.0,0.0,0.0,0.0,16.0,2.825814962387085,-1.5526995658874512,5904.873752742016,14.458639705882353
392,0.0059382678009569645,2.618569487822242e-05,0.006878246107346835,1.0,0.0,0.0,0.0,0.0,0.0,16.0,2.7608578205108643,-0.854171097278595,5919.859772007971,14.401654411764707
393,0.005941726267337799,1.2831963431381155e-05,0.006878246107346835,1.0,0.0,0.0,0.0,0.0,0.0,16.0,2.9902594089508057,-0.7867642641067505,5934.351569565013,14.394301470588236
394,0.00593988923355937,1.5066382729855832e-05,0.006878246107346835,1.0,0.0,0.0,0.0,0.0,0.0,16.0,2.7166433334350586,-1.0820595026016235,5950.2389127379865,14.425551470588236
395,0.005938135553151369,2.4979191948659718e-05,0.006878246107346835,1.0,0.0,0.0,0.0,0.0,0.0,16.0,2.9833037853240967,-1.2268145084381104,5965.745435249002,14.473345588235293
396,0.005898626521229744,0.000319617276545614,0.006878246107346835,1.0,0.0,0.0,0.0,0.0,0.0,16.0,2.9485602378845215,-0.9391959309577942,5981.530760010006,14.545036764705882
397,0.0059370603412389755,2.2088592231739312e-05,0.006878246107346835,1.0,0.0,0.0,0.0,0.0,0.0,16.0,3.226252317428589,-1.077628493309021,5997.081598295015,14.71875
398,0.005933976732194424,3.1200739613268524e-05,0.006878246107346835,1.0,0.0,0.0,0.0,0.0,0.0,16.0,3.2836685180664062,-1.1506633758544922,6011.174527800991,14.824448529411764
399,0.005930195562541485,3.4402430173940957e-05,0.006878246107346835,1.0,0.0,0.0,0.0,0.0,0.0,16.0,3.4537291526794434,-1.122363567352295,6025.540923304972,14.909926470588236
400,0.005926946178078651,4.018578692921437e-05,0.006878246107346835,1.0,0.0,0.0,0.0,0.0,0.0,16.0,3.1508445739746094,-1.5778121948242188,6041.478863444005,14.784926470588236
401,0.0059354184195399284,2.457967093505431e-05,0.006878246107346835,1.0,0.0,0.0,0.0,0.0,0.0,16.0,3.206970453262329,-1.5445152521133423,6056.975089366024,14.829963235294118
402,0.0059375944547355175,2.6389216145616956e-05,0.006878246107346835,1.0,0.0,0.0,0.0,0.0,0.0,16.0,2.967607021331787,-1.1609385013580322,6071.606348812988,14.592830882352942
403,0.005933369509875774,2.9580338377854787e-05,0.006878246107346835,1.0,0.0,0.0,0.0,0.0,0.0,16.0,2.8933956623077393,-1.7144571542739868,6085.782760587987,14.554227941176471
404,0.005932327825576067,3.536636722856201e-05,0.006878246107346835,1.0,0.0,0.0,0.0,0.0,0.0,16.0,2.8080406188964844,-1.8732458353042603,6099.971477163024,14.474264705882353
405,0.005939318332821131,1.826661900850013e-05,0.006878246107346835,1.0,0.0,0.0,0.0,0.0,0.0,16.0,2.596250057220459,-1.006969928741455,6114.171084503003,14.441176470588236
406,0.005936563480645418,2.2001160687068477e-05,0.006878246107346835,1.0,0.0,0.0,0.0,0.0,0.0,16.0,2.588549852371216,-1.0419548749923706,6128.379761979973,14.305147058823529
407,0.005935708060860634,2.1563537302426994e-05,0.006878246107346835,1.0,0.0,0.0,0.0,0.0,0.0,16.0,2.7375500202178955,-1.5678999423980713,6142.607269347005,14.449448529411764
408,0.005934170912951231,2.873896482924465e-05,0.006878246107346835,1.0,0.0,0.0,0.0,0.0,0.0,16.0,2.647678852081299,-1.8477330207824707,6156.834410273994,14.267463235294118
409,0.005930433049798012,2.906955523940269e-05,0.006878246107346835,1.0,0.0,0.0,0.0,0.0,0.0,16.0,2.6757686138153076,-1.2092493772506714,6171.06556522398,14.361213235294118
410,0.0059348526410758495,2.62431385635864e-05,0.006878246107346835,1.0,0.0,0.0,0.0,0.0,0.0,16.0,2.6434106826782227,-1.4105640649795532,6186.363226511981,14.420955882352942
411,0.005940997041761875,1.1777283361880109e-05,0.006878246107346835,1.0,0.0,0.0,0.0,0.0,0.0,16.0,2.5786893367767334,-0.8496689796447754,6201.800461379986,14.350183823529411
412,0.005938601680099964,1.8512786482460797e-05,0.006878246107346835,1.0,0.0,0.0,0.0,0.0,0.0,16.0,2.670743942260742,-1.201271653175354,6217.202965389995,14.387867647058824
413,0.005934296175837517,2.9172011636546813e-05,0.006878246107346835,1.0,0.0,0.0,0.0,0.0,0.0,16.0,2.7085635662078857,-1.6292921304702759,6232.556956042012,14.476102941176471
414,0.0059396191500127316,1.774666816345416e-05,0.006878246107346835,1.0,0.0,0.0,0.0,0.0,0.0,16.0,2.7405283451080322,-1.1281144618988037,6247.5424506790005,14.404411764705882
415,0.00593919400125742,1.6890064216568135e-05,0.006878246107346835,1.0,0.0,0.0,0.0,0.0,0.0,16.0,2.899258613586426,-1.116523265838623,6262.863825472014,14.476102941176471
416,0.005940066184848547,1.53090113599319e-05,0.006878246107346835,1.0,0.0,0.0,0.0,0.0,0.0,16.0,2.8191354274749756,-1.0292620658874512,6277.283849422005,14.512867647058824
417,0.0059381951577961445,2.277034036524128e-05,0.006878246107346835,1.0,0.0,0.0,0.0,0.0,0.0,16.0,2.7704739570617676,-1.3365651369094849,6291.489961004991,14.497242647058824
418,0.005938813555985689,2.4108143406920135e-05,0.006878246107346835,1.0,0.0,0.0,0.0,0.0,0.0,16.0,2.621283769607544,-1.7098848819732666,6306.823973865015,14.439338235294118
419,0.005937705747783184,2.14673036680324e-05,0.006878246107346835,1.0,0.0,0.0,0.0,0.0,0.0,16.0,2.6317639350891113,-1.5175367593765259,6321.521748695988,14.473345588235293
420,0.00593913346529007,1.6995021724142134e-05,0.006878246107346835,1.0,0.0,0.0,0.0,0.0,0.0,16.0,2.7229299545288086,-1.2120308876037598,6337.1029354879865,14.446691176470589
421,0.0059396992437541485,1.8887461919803172e-05,0.006878246107346835,1.0,0.0,0.0,0.0,0.0,0.0,16.0,2.6197848320007324,-1.732633113861084,6352.946789514972,14.40625
422,0.005939241033047438,1.8487007764633745e-05,0.006878246107346835,1.0,0.0,0.0,0.0,0.0,0.0,16.0,2.8113114833831787,-1.0819555521011353,6368.620950074983,14.486213235294118
423,0.0059385583736002445,1.9762890588026494e-05,0.006878246107346835,1.0,0.0,0.0,0.0,0.0,0.0,16.0,2.7416656017303467,-1.089118480682373,6383.660484464024,14.411764705882353
424,0.005939600057899952,1.9038188838749193e-05,0.006878246107346835,1.0,0.0,0.0,0.0,0.0,0.0,16.0,2.6447951793670654,-1.0877196788787842,6399.554428851989,14.442095588235293
425,0.005938944406807423,2.080955709971022e-05,0.006878246107346835,1.0,0.0,0.0,0.0,0.0,0.0,16.0,2.689763069152832,-0.9839928150177002,6415.20636563201,14.472426470588236
426,0.005940898787230253,1.4844090401311405e-05,0.006878246107346835,1.0,0.0,0.0,0.0,0.0,0.0,16.0,2.8223042488098145,-0.7110798954963684,6430.808183929999,14.409926470588236
427,0.00591010507196188,0.00021292477322276682,0.006878246107346835,1.0,0.0,0.0,0.0,0.0,0.0,16.0,2.668195962905884,-1.3120839595794678,6446.593867921969,14.446691176470589
428,0.005937176290899515,2.3142967620515265e-05,0.006878246107346835,1.0,0.0,0.0,0.0,0.0,0.0,16.0,2.8681154251098633,-1.1435962915420532,6462.3579917229945,14.490808823529411
429,0.005939068738371134,2.133547604898922e-05,0.006878246107346835,1.0,0.0,0.0,0.0,0.0,0.0,16.0,2.6904449462890625,-1.1396105289459229,6477.790556107997,14.483455882352942
430,0.005940676666796207,1.3928076441516168e-05,0.006878246107346835,1.0,0.0,0.0,0.0,0.0,0.0,16.0,2.7435529232025146,-0.920746922492981,6493.527740121994,14.446691176470589
431,0.0059442403726279736,0.0,0.006878246107346835,1.0,0.0,0.0,0.0,0.0,0.0,16.0,2.5861923694610596,-0.0,6509.316208944016,14.486213235294118
432,0.005941282957792282,1.2293934560148045e-05,0.006878246107346835,1.0,0.0,0.0,0.0,0.0,0.0,16.0,2.7348740100860596,-0.8104926943778992,6525.084742115985,14.481617647058824
433,0.005937468260526657,2.7174204660695978e-05,0.006878246107346835,1.0,0.0,0.0,0.0,0.0,0.0,16.0,2.673752784729004,-1.0342705249786377,6540.534054244985,14.435661764705882
434,0.005940810777246952,1.8238239135826007e-05,0.006878246107346835,1.0,0.0,0.0,0.0,0.0,0.0,16.0,2.6830344200134277,-1.101293683052063,6556.281508293003,14.485294117647058
435,0.005941413342952728,1.2366087503323797e-05,0.006878246107346835,1.0,0.0,0.0,0.0,0.0,0.0,16.0,2.571969509124756,-0.7908063530921936,6572.016877449991,14.464154411764707
436,0.005931029096245766,3.3536245609866455e-05,0.006878246107346835,1.0,0.0,0.0,0.0,0.0,0.0,16.0,2.6565394401550293,-2.3486695289611816,6587.758521980024,14.509191176470589
437,0.005940406583249569,1.60409454110777e-05,0.006878246107346835,1.0,0.0,0.0,0.0,0.0,0.0,16.0,2.7088522911071777,-1.0555379390716553,6603.195768233971,14.476102941176471
438,0.005940360948443413,1.4494745300908107e-05,0.006878246107346835,1.0,0.0,0.0,0.0,0.0,0.0,16.0,2.7521352767944336,-1.2579439878463745,6618.960107168998,14.556985294117647
439,0.005940021947026253,1.7637557903071865e-05,0.006878246107346835,1.0,0.0,0.0,0.0,0.0,0.0,16.0,2.625916004180908,-0.898991048336029,6634.709166411019,14.543198529411764
440,0.005936963949352503,2.37483654927928e-05,0.006878246107346835,1.0,0.0,0.0,0.0,0.0,0.0,16.0,2.749021530151367,-1.104835033416748,6650.4474273420055,14.636029411764707
441,0.005937723442912102,2.3747306840959936e-05,0.006878246107346835,1.0,0.0,0.0,0.0,0.0,0.0,16.0,2.813873291015625,-1.2493102550506592,6665.8478761889855,14.649816176470589
442,0.005936355795711279,2.7407773814047687e-05,0.006878246107346835,1.0,0.0,0.0,0.0,0.0,0.0,16.0,2.732729434967041,-1.1696845293045044,6681.555964287021,14.643382352941176
443,0.005939361173659563,1.9845241695293225e-05,0.006878246107346835,1.0,0.0,0.0,0.0,0.0,0.0,16.0,2.588432550430298,-0.9266341328620911,6695.805355659977,14.573529411764707
444,0.005939431954175234,2.1774767446913756e-05,0.006878246107346835,1.0,0.0,0.0,0.0,0.0,0.0,16.0,2.6243128776550293,-1.0261611938476562,6711.279618955974,14.658088235294118
445,0.0059363022446632385,2.4013814254431054e-05,0.006878246107346835,1.0,0.0,0.0,0.0,0.0,0.0,16.0,2.5967235565185547,-1.3040664196014404,6727.03945402801,14.722426470588236
446,0.005937851965427399,2.254919490951579e-05,0.006878246107346835,1.0,0.0,0.0,0.0,0.0,0.0,16.0,2.572469711303711,-1.660204529762268,6742.858290873992,14.559742647058824
447,0.005921541713178158,0.00016435580619145185,0.006878246107346835,1.0,0.0,0.0,0.0,0.0,0.0,16.0,2.3331265449523926,-0.9801788330078125,6758.583782760019,14.479779411764707
448,0.005939084105193615,2.076878990919795e-05,0.006878246107346835,1.0,0.0,0.0,0.0,0.0,0.0,16.0,2.187319755554199,-0.8944166302680969,6774.071140487969,14.400735294117647
449,0.005939753260463476,2.1516623746720143e-05,0.006878246107346835,1.0,0.0,0.0,0.0,0.0,0.0,16.0,2.0906543731689453,-1.3463776111602783,6789.809572065016,14.380514705882353
450,0.005939869210124016,1.608387174201198e-05,0.006878246107346835,1.0,0.0,0.0,0.0,0.0,0.0,16.0,2.1035690307617188,-1.0104384422302246,6805.535996283987,14.355698529411764
451,0.0059416028670966625,1.21681259770412e-05,0.006878246107346835,1.0,0.0,0.0,0.0,0.0,0.0,16.0,2.0162503719329834,-0.5560791492462158,6821.324809085985,14.340073529411764
452,0.005939953029155731,1.6380294255213812e-05,0.006878246107346835,1.0,0.0,0.0,0.0,0.0,0.0,16.0,2.123262882232666,-1.0194242000579834,6836.579119099013,14.336397058823529
453,0.005942048039287329,1.1395294677640777e-05,0.006878246107346835,1.0,0.0,0.0,0.0,0.0,0.0,16.0,2.061272144317627,-1.0417864322662354,6851.835987386992,14.334558823529411
454,0.0059408163651824,1.6793857867014594e-05,0.006878246107346835,1.0,0.0,0.0,0.0,0.0,0.0,16.0,2.1104063987731934,-1.2627246379852295,6866.354823099973,14.356617647058824
455,0.005940839182585478,1.613099084352143e-05,0.006878246107346835,1.0,0.0,0.0,0.0,0.0,0.0,16.0,1.963318943977356,-1.2549066543579102,6881.349778548989,14.308823529411764
456,0.005940713919699192,1.5838839317439124e-05,0.006878246107346835,1.0,0.0,0.0,0.0,0.0,0.0,16.0,2.1368448734283447,-0.6289224028587341,6896.679144518974,14.388786764705882
457,0.005942096933722496,8.679954589752015e-06,0.006878246107346835,1.0,0.0,0.0,0.0,0.0,0.0,16.0,2.090200662612915,-0.8782752752304077,6912.018403569004,14.375919117647058
458,0.005938604939728975,1.9848936062771827e-05,0.006878246107346835,1.0,0.0,0.0,0.0,0.0,0.0,16.0,2.273524522781372,-1.1067546606063843,6927.348056086979,14.516544117647058
459,0.005942796356976032,1.0278226909576915e-05,0.006878246107346835,1.0,0.0,0.0,0.0,0.0,0.0,16.0,2.33455753326416,-0.32958918809890747,6942.6325677949935,14.556066176470589
460,0.005936795845627785,2.6267791326972656e-05,0.006878246107346835,1.0,0.0,0.0,0.0,0.0,0.0,16.0,2.4349451065063477,-0.8311607837677002,6958.3650916349725,14.690257352941176
461,0.005938658025115728,2.201364804932382e-05,0.006878246107346835,1.0,0.0,0.0,0.0,0.0,0.0,16.0,2.321141242980957,-0.5622565746307373,6974.138444567972,14.679227941176471
462,0.0058928001672029495,0.00024606887018308043,0.006878246107346835,1.0,0.0,0.0,0.0,0.0,0.0,16.0,2.494424819946289,-1.8069202899932861,6989.890091712994,14.761029411764707
463,0.005933595355600119,2.8598566132131964e-05,0.006878246107346835,1.0,0.0,0.0,0.0,0.0,0.0,16.0,2.6649818420410156,-0.6700334548950195,7005.319078390021,14.874080882352942
464,0.005919368471950293,4.556833300739527e-05,0.006878246107346835,1.0,0.0,0.0,0.0,0.0,0.0,16.0,2.6798574924468994,-1.665972352027893,7021.038150402019,14.887867647058824
465,0.005934623535722494,3.09051938529592e-05,0.006878246107346835,1.0,0.0,0.0,0.0,0.0,0.0,16.0,2.463237762451172,-1.270020842552185,7036.778490808967,14.771139705882353
466,0.005939179100096226,2.036294790741522e-05,0.006878246107346835,1.0,0.0,0.0,0.0,0.0,0.0,16.0,2.2929060459136963,-0.551828145980835,7052.501390516991,14.708639705882353
467,0.005941089242696762,1.9153612811351195e-05,0.006878246107346835,1.0,0.0,0.0,0.0,0.0,0.0,16.0,2.4679956436157227,-0.7742085456848145,7067.9423289829865,14.723345588235293
468,0.005937559995800257,2.374898576817941e-05,0.006878246107346835,1.0,0.0,0.0,0.0,0.0,0.0,16.0,2.1204304695129395,-1.2938333749771118,7083.633616851002,14.480698529411764
469,0.005940665956586599,1.4941652807465289e-05,0.006878246107346835,1.0,0.0,0.0,0.0,0.0,0.0,16.0,1.9762309789657593,-1.1717426776885986,7099.3747104330105,14.402573529411764
470,0.00594295235350728,1.0222699529549573e-05,0.006878246107346835,1.0,0.0,0.0,0.0,0.0,0.0,16.0,1.8613262176513672,-0.2912082076072693,7114.91683334898,14.347426470588236
471,0.005935931112617254,2.6827730835066177e-05,0.006878246107346835,1.0,0.0,0.0,0.0,0.0,0.0,16.0,2.021923780441284,-1.2568825483322144,7129.307988710003,14.46875
472,0.005941398441791534,1.3462336937664077e-05,0.006878246107346835,1.0,0.0,0.0,0.0,0.0,0.0,16.0,1.8781054019927979,-0.5858045220375061,7144.842350404011,14.336397058823529
473,0.005940841976553202,1.4732620911672711e-05,0.006878246107346835,1.0,0.0,0.0,0.0,0.0,0.0,16.0,1.8722556829452515,-0.8011580109596252,7160.632410087972,14.306985294117647
474,0.0059320661239326,5.9426009102026e-05,0.006878246107346835,1.0,0.0,0.0,0.0,0.0,0.0,16.0,1.9506497383117676,-1.6954407691955566,7174.722536945017,14.390625
475,0.005934382323175669,2.6686329874792136e-05,0.006878246107346835,1.0,0.0,0.0,0.0,0.0,0.0,16.0,1.894153356552124,-2.0485293865203857,7190.180702353013,14.460477941176471
476,0.005942263640463352,1.15164230010123e-05,0.006878246107346835,1.0,0.0,0.0,0.0,0.0,0.0,16.0,1.8674150705337524,-0.4233493208885193,7205.979716930015,14.335477941176471
477,0.005942425690591335,1.0983670108544175e-05,0.006878246107346835,1.0,0.0,0.0,0.0,0.0,0.0,16.0,1.999366044998169,-0.42957445979118347,7221.783314209024,14.423713235294118
478,0.005941382609307766,1.4320409718493465e-05,0.006878246107346835,1.0,0.0,0.0,0.0,0.0,0.0,16.0,2.0993714332580566,-0.9364333748817444,7237.181277756987,14.568933823529411
479,0.005940464325249195,1.659565714362543e-05,0.006878246107346835,1.0,0.0,0.0,0.0,0.0,0.0,16.0,2.1267218589782715,-0.8609495162963867,7252.984498480975,14.635110294117647
480,0.005893039051443338,0.00032024222309701145,0.006878246107346835,1.0,0.0,0.0,0.0,0.0,0.0,16.0,2.3481435775756836,-1.1914478540420532,7268.429952264996,14.750919117647058
481,0.005936754867434502,2.4347618818865158e-05,0.006878246107346835,1.0,0.0,0.0,0.0,0.0,0.0,16.0,2.1450276374816895,-0.8692474365234375,7284.190377584018,14.719669117647058
482,0.005929793231189251,3.087389632128179e-05,0.006878246107346835,1.0,0.0,0.0,0.0,0.0,0.0,16.0,2.3395426273345947,-1.3515489101409912,7298.280604418018,14.856617647058824
483,0.005938676651567221,2.6968777092406526e-05,0.006878246107346835,1.0,0.0,0.0,0.0,0.0,0.0,16.0,2.1026451587677,-0.8808668851852417,7313.297568170994,14.693014705882353
484,0.0059378971345722675,2.2760024876333773e-05,0.006878246107346835,1.0,0.0,0.0,0.0,0.0,0.0,16.0,2.1716103553771973,-0.7150325775146484,7328.541288508975,14.693014705882353
485,0.005901127588003874,0.0003198052872903645,0.006878246107346835,1.0,0.0,0.0,0.0,0.0,0.0,16.0,2.114626407623291,-0.9731147885322571,7343.17119783198,14.659007352941176
486,0.0059389350935816765,1.8577196897240356e-05,0.006878246107346835,1.0,0.0,0.0,0.0,0.0,0.0,16.0,2.111802339553833,-1.5702024698257446,7357.976094808022,14.584558823529411
487,0.005941077601164579,1.6028552636271343e-05,0.006878246107346835,1.0,0.0,0.0,0.0,0.0,0.0,16.0,1.9647051095962524,-0.4978930950164795,7373.361963118019,14.527573529411764
488,0.0059356410056352615,2.7260093702352606e-05,0.006878246107346835,1.0,0.0,0.0,0.0,0.0,0.0,16.0,1.9393270015716553,-1.299065113067627,7388.735474340967,14.490808823529411
489,0.0059409667737782,1.757677091518417e-05,0.006878246107346835,1.0,0.0,0.0,0.0,0.0,0.0,16.0,1.8136749267578125,-1.001799464225769,7403.500976658019,14.375
490,0.005942555144429207,7.867251042625867e-06,0.006878246107346835,1.0,0.0,0.0,0.0,0.0,0.0,16.0,1.7992517948150635,-0.6175782680511475,7417.780071857967,14.376838235294118
491,0.005942167714238167,1.346482622466283e-05,0.006878246107346835,1.0,0.0,0.0,0.0,0.0,0.0,16.0,1.8750014305114746,-0.8791742324829102,7432.016849906999,14.351102941176471
492,0.005942110903561115,1.0248512808175292e-05,0.006878246107346835,1.0,0.0,0.0,0.0,0.0,0.0,16.0,1.7159940004348755,-0.7446755170822144,7446.293761674024,14.301470588235293
493,0.005942062940448523,1.1337434443703387e-05,0.006878246107346835,1.0,0.0,0.0,0.0,0.0,0.0,16.0,1.7156842947006226,-0.5344843864440918,7460.611160614993,14.298713235294118
494,0.005940325558185577,1.3883513020118698e-05,0.006878246107346835,1.0,0.0,0.0,0.0,0.0,0.0,16.0,1.7876863479614258,-1.0545300245285034,7476.111422455986,14.348345588235293
495,0.005942722782492638,8.84938253875589e-06,0.006878246107346835,1.0,0.0,0.0,0.0,0.0,0.0,16.0,1.8397448062896729,-0.6563593149185181,7491.907288677001,14.354779411764707
496,0.005938948132097721,1.8718303181231022e-05,0.006878246107346835,1.0,0.0,0.0,0.0,0.0,0.0,16.0,1.7838077545166016,-1.409719467163086,7506.1459267699975,14.374080882352942
497,0.005939398426562548,2.8690139515674673e-05,0.006878246107346835,1.0,0.0,0.0,0.0,0.0,0.0,16.0,1.934130072593689,-1.2194992303848267,7520.454614726012,14.472426470588236
498,0.0059432764537632465,5.391341346694389e-06,0.006878246107346835,1.0,0.0,0.0,0.0,0.0,0.0,16.0,1.8860148191452026,-0.494183748960495,7534.741206848994,14.393382352941176
499,0.005942027550190687,1.285396865569055e-05,0.006878246107346835,1.0,0.0,0.0,0.0,0.0,0.0,16.0,1.8788105249404907,-0.7214140892028809,7549.38425649202,14.430147058823529
500,0.005943842697888613,5.968960522295674e-06,0.006878246107346835,1.0,0.0,0.0,0.0,0.0,0.0,16.0,1.963606834411621,-0.33670133352279663,7563.666058187024,14.405330882352942
