ts_code,index_code,index_name,evidence_url,evidence_type,confidence,notes
510070.SH,000049.SH,上证民营企业50指数,tushare://index_basic?symbol=000049,tushare_index_basic_exact_query,provider_catalog_exact_name,历史区间待官方文件核验
510110.SH,000063.SH,上证周期行业50指数,tushare://index_basic?symbol=000063,tushare_index_basic_exact_query,provider_catalog_exact_name,历史区间待官方文件核验
510220.SH,000046.SH,上证中小盘指数,tushare://index_basic?symbol=000046,tushare_index_basic_exact_query,provider_catalog_exact_name,历史区间待官方文件核验
510120.SH,000064.SH,上证非周期行业100指数,tushare://index_basic?symbol=000064,tushare_index_basic_exact_query,provider_catalog_exact_name,历史区间待官方文件核验
510260.SH,000067.SH,上证新兴产业指数,tushare://index_basic?symbol=000067,tushare_index_basic_exact_query,provider_catalog_exact_name,历史区间待官方文件核验
159911.SZ,399337.SZ,深证民营指数,tushare://index_basic?symbol=399337,tushare_index_basic_exact_query,provider_catalog_exact_name,历史区间待官方文件核验
510280.SH,000028.SH,上证180成长指数,tushare://index_basic?symbol=000028,tushare_index_basic_exact_query,provider_catalog_exact_name,历史区间待官方文件核验
159917.SZ,399602.SZ,中小300成长指数,tushare://index_basic?symbol=399602,tushare_index_basic_exact_query,provider_catalog_exact_name,历史区间待官方文件核验
510420.SH,000051.SH,上证180等权重指数,tushare://index_basic?symbol=000051,tushare_index_basic_exact_query,provider_catalog_exact_name,历史区间待官方文件核验
510430.SH,000050.SH,上证50等权重指数,tushare://index_basic?symbol=000050,tushare_index_basic_exact_query,provider_catalog_exact_name,历史区间待官方文件核验
510440.SH,000802.SH,中证500沪市指数,tushare://index_basic?symbol=000802,tushare_index_basic_exact_query,provider_catalog_exact_name,历史区间待官方文件核验
159921.SZ,399634.SZ,中小板等权重指数,tushare://index_basic?symbol=399634,tushare_index_basic_exact_query,provider_catalog_exact_name,历史区间待官方文件核验
510610.SH,000032.SH,上证能源行业指数,tushare://index_basic?symbol=000032,tushare_index_basic_exact_query,provider_catalog_exact_name,历史区间待官方文件核验
510620.SH,000033.SH,上证原材料行业指数,tushare://index_basic?symbol=000033,tushare_index_basic_exact_query,provider_catalog_exact_name,历史区间待官方文件核验
510700.SH,000155.SH,上证市值100指数,tushare://index_basic?symbol=000155,tushare_index_basic_exact_query,provider_catalog_exact_name,指数后更名为市值百强；历史区间待核验
159924.SZ,000984.CSI,沪深300等权重指数,tushare://index_basic?symbol=000984,tushare_index_basic_exact_query,provider_catalog_exact_name,历史区间待官方文件核验
510450.SH,000135.SH,上证180高贝塔指数,tushare://index_basic?symbol=000135,tushare_index_basic_exact_query,provider_catalog_exact_name,历史区间待官方文件核验
159932.SZ,399802.SZ,中证500深市指数,tushare://index_basic?symbol=399802,tushare_index_basic_exact_query,provider_catalog_exact_name,历史区间待官方文件核验
512110.SH,000816.CSI,中证细分房地产产业主题指数,tushare://index_basic?symbol=000816,tushare_index_basic_exact_query,provider_catalog_exact_name,历史区间待官方文件核验
512210.SH,H30020.CSI,中证800食品饮料指数,tushare://index_basic?symbol=H30020,tushare_index_basic_exact_query,provider_catalog_exact_name,历史区间待官方文件核验
512300.SH,H30255.CSI,中证500医药卫生指数,tushare://index_basic?symbol=H30255,tushare_index_basic_exact_query,provider_catalog_exact_name,主代码；000857.SH为交易所行情别名；历史区间待核验
512310.SH,H30252.CSI,中证500工业指数,tushare://index_basic?symbol=H30252,tushare_index_basic_exact_query,provider_catalog_exact_name,主代码；000856.SH为交易所行情别名；历史区间待核验
512340.SH,H30251.CSI,中证500原材料指数,tushare://index_basic?symbol=H30251,tushare_index_basic_exact_query,provider_catalog_exact_name,主代码；000854.SH为交易所行情别名；历史区间待核验
159942.SZ,399612.SZ,中小企业板创业板100指数,tushare://index_basic?symbol=399612,tushare_index_basic_exact_query,provider_catalog_exact_name,指数后更名；历史区间待核验
159946.SZ,000990.CSI,中证全指主要消费指数,tushare://index_basic?symbol=000990,tushare_index_basic_exact_query,provider_catalog_exact_name,历史区间待官方文件核验
159951.SZ,CN5069.CNI,中关村A股综合指数,https://www.cnindex.com.cn/zh_information/notices_news/2015/201502/P020191213391349760927.pdf,official_index_document,official_index_code_name,399422.SZ为交易所行情别名；历史区间待核验
159953.SZ,000988.CSI,中证全指工业指数,tushare://index_basic?symbol=000988,tushare_index_basic_exact_query,provider_catalog_exact_name,历史区间待官方文件核验
512780.SH,930701.CSI,中证京津冀协同发展主题指数,tushare://index_basic?symbol=930701,tushare_index_basic_exact_query,provider_catalog_exact_name,历史区间待官方文件核验
512860.SH,704843.MI,MSCI中国A股国际指数,https://www.msci.com/indexes/index/704843/msci-china-a-international-index,msci_official_index_page,official_index_code_name,历史区间待基金官方文件核验
512920.SH,704843.MI,MSCI中国A股国际指数,https://www.msci.com/indexes/index/704843/msci-china-a-international-index,msci_official_index_page,official_index_code_name,历史区间待基金官方文件核验
512850.SH,931023.CSI,中证北京50指数,tushare://index_basic?symbol=931023,tushare_index_basic_exact_query,provider_catalog_exact_name,历史区间待官方文件核验
512590.SH,930838.CSI,中证高股息精选指数,tushare://index_basic?symbol=930838,tushare_index_basic_exact_query,provider_catalog_exact_name,历史区间待官方文件核验
512270.SH,930846.CSI,沪深300行业中性低波动指数,tushare://index_basic?symbol=930846,tushare_index_basic_exact_query,provider_catalog_exact_name,历史区间待官方文件核验
159962.SZ,930738.CSI,中证四川国企改革指数,tushare://index_basic?symbol=930738,tushare_index_basic_exact_query,provider_catalog_exact_name,历史区间待官方文件核验
510890.SH,H50040.CSI,上证红利低波动指数,tushare://index_basic?symbol=H50040,tushare_index_basic_exact_query,provider_catalog_exact_name,历史区间待官方文件核验
510820.SH,950082.CSI,上证上海改革发展主题指数,tushare://index_basic?symbol=950082,tushare_index_basic_exact_query,provider_catalog_exact_name,历史区间待官方文件核验
159969.SZ,399330.SZ,深证100指数,tushare://index_basic?symbol=399330,tushare_index_basic_exact_query,provider_catalog_exact_name,历史区间待官方文件核验
512790.SH,000939.CSI,中证民企成长指数,tushare://index_basic?symbol=000939,tushare_index_basic_exact_query,provider_catalog_exact_name,历史区间待官方文件核验
515520.SH,718465.MI,MSCI中国A股质优价值100指数,https://www.msci.com/documents/1296102/23046049/msci_china_a_custom_quality_value_100_index_cny_price_ZH-CN_zj_sx.pdf,msci_official_index_document,official_index_code_name,历史区间待基金官方文件核验
515870.SH,931167.CSI,中证先进制造100策略指数,tushare://index_basic?symbol=931167,tushare_index_basic_exact_query,provider_catalog_exact_name,历史区间待官方文件核验
159986.SZ,399364.SZ,国证消费100指数,tushare://index_basic?symbol=399364,tushare_index_basic_exact_query,provider_catalog_exact_name,历史区间待官方文件核验
159990.SZ,399377.SZ,巨潮小盘价值指数,tushare://index_basic?symbol=399377,tushare_index_basic_exact_query,provider_catalog_exact_name,历史区间待官方文件核验
515570.SH,H30089.CSI,中证红利潜力指数,tushare://index_basic?symbol=H30089,tushare_index_basic_exact_query,provider_catalog_exact_name,历史区间待官方文件核验
515510.SH,930938.CSI,中证500成长估值指数,tushare://index_basic?symbol=930938,tushare_index_basic_exact_query,provider_catalog_exact_name,历史区间待官方文件核验
515690.SH,931373.CSI,中证高股息龙头指数,tushare://index_basic?symbol=931373,tushare_index_basic_exact_query,provider_catalog_exact_name,历史区间待官方文件核验
515670.SH,000903.SH,中证100指数,tushare://index_basic?symbol=000903,tushare_index_basic_exact_query,provider_catalog_exact_name,指数后更名中证A100；历史区间待核验
159815.SZ,931163.CSI,中证浙江100指数,tushare://index_basic?symbol=931163,tushare_index_basic_exact_query,provider_catalog_exact_name,历史区间待官方文件核验
512350.SH,930703.CSI,中证福建50指数,tushare://index_basic?symbol=930703,tushare_index_basic_exact_query,provider_catalog_exact_name,历史区间待官方文件核验
515500.SH,931381.CSI,中证长三角领先指数,tushare://index_basic?symbol=931381,tushare_index_basic_exact_query,provider_catalog_exact_name,历史区间待官方文件核验
159789.SZ,H30205.CSI,中证饮料主题指数,tushare://index_basic?symbol=H30205,tushare_index_basic_exact_query,provider_catalog_exact_name,历史区间待官方文件核验
561150.SH,931648.CSI,中证500ESG基准指数,tushare://index_basic?symbol=931648,tushare_index_basic_exact_query,provider_catalog_exact_name,历史区间待官方文件核验
560960.SH,931772.CSI,中证碳中和60指数,tushare://index_basic?symbol=931772,tushare_index_basic_exact_query,provider_catalog_exact_name,勿与931755 SEEE碳中和混淆；历史区间待核验
159503.SZ,CN5074.CNI,国证财富管理指数,tushare://index_basic?symbol=CN5074,tushare_index_basic_exact_query,provider_catalog_exact_name,历史区间待官方文件核验