formula_id,source,vocab_version,token_ids,token_names,decoded_formula,token_len,horizon,valid,invalid_reason,reward,finite_count,coverage,finite_std,scorer_days,scorer_mean_return,scorer_median_return,scorer_hit_rate,scorer_ann_return_proxy,avg_top_k,max_abs_signal,step,sample_idx
phase3c_gpu_000067_1009,phase3c_gpu_train,phase3a-v1,5 4 4 8 13 3 24 20 8 2 10 2 8 11 20 19,amount volume volume ADD ABS close DECAY MA20 ADD low MUL low ADD DIV MA20 MA10,MA10(MA20((amount DIV (((ABS((volume ADD volume)) ADD MA20(DECAY(close))) MUL low) ADD low)))),16,10,True,,0.00859931018203497,42446,0.9785370230674744,30.481836318969727,2337,0.00859931018203497,,0.5759520530700684,0.21670261658728124,3.501925468444824,385.0921936035156,67,1009
phase3c_gpu_000001_0760,phase3c_gpu_train,phase3a-v1,2 23 5 16 16 9 20 23 21 13 17 22 24 21 20 19,low RET10 amount DELAY5 DELAY5 SUB MA20 RET10 STD10 ABS DELAY10 RET5 DECAY STD10 MA20 MA10,MA10(MA20(STD10(DECAY(RET5(DELAY10(ABS(STD10(RET10(MA20((RET10(low) SUB DELAY5(DELAY5(amount))))))))))))),16,10,True,,0.008245733566582203,41457,0.9557368755340576,0.4055009186267853,2337,0.008245733566582203,,0.5502781271934509,0.20779248587787152,3.501925468444824,7.791662693023682,1,760
phase3c_gpu_000029_0475,phase3c_gpu_train,phase3a-v1,1 15 0 13 13 2 10 19 13 22 24 11 24 20,high DELAY1 open ABS ABS low MUL MA10 ABS RET5 DECAY DIV DECAY MA20,MA20(DECAY((DELAY1(high) DIV DECAY(RET5(ABS(MA10((ABS(ABS(open)) MUL low)))))))),14,10,True,,0.00790271908044815,42674,0.9837932586669922,2275.664794921875,2337,0.00790271908044815,,0.5699614882469177,0.1991485208272934,3.501925468444824,76374.9765625,29,475
phase3c_gpu_000016_0681,phase3c_gpu_train,phase3a-v1,3 17 7 11 20 13 5 11 17 20 19 3 13 11 21 20,close DELAY10 CONST_1 DIV MA20 ABS amount DIV DELAY10 MA20 MA10 close ABS DIV STD10 MA20,MA20(STD10((MA10(MA20(DELAY10((ABS(MA20((DELAY10(close) DIV CONST_1))) DIV amount)))) DIV ABS(close)))),16,10,True,,0.00767093850299716,41344,0.9531318545341492,3.507458075091563e-07,2337,0.00767093850299716,,0.563115119934082,0.19330765027552843,3.501925468444824,9.879552635538857e-06,16,681
phase3c_gpu_000013_0266,phase3c_gpu_train,phase3a-v1,7 0 15 9 1 4 9 4 14 10 24 11 23 13 20 24,CONST_1 open DELAY1 SUB high volume SUB volume SIGN MUL DECAY DIV RET10 ABS MA20 DECAY,DECAY(MA20(ABS(RET10(((CONST_1 SUB DELAY1(open)) DIV DECAY(((high SUB volume) MUL SIGN(volume)))))))),16,10,True,,0.007665082346647978,39226,0.9043040871620178,0.8528918623924255,2337,0.007665082346647978,,0.5246042013168335,0.19316007513552905,3.501925468444824,55.05574417114258,13,266
phase3c_gpu_000005_0224,phase3c_gpu_train,phase3a-v1,2 23 23 16 24 20 14 15 24 7 5 21 14 18 11 8,low RET10 RET10 DELAY5 DECAY MA20 SIGN DELAY1 DECAY CONST_1 amount STD10 SIGN MA5 DIV ADD,(DECAY(DELAY1(SIGN(MA20(DECAY(DELAY5(RET10(RET10(low)))))))) ADD (CONST_1 DIV MA5(SIGN(STD10(amount))))),16,10,True,,0.007550008129328489,43212,0.9961961507797241,0.5550751090049744,2337,0.007550008129328489,,0.5515618324279785,0.19026020485907794,3.501925468444824,6.0,5,224
phase3c_gpu_000025_1277,phase3c_gpu_train,phase3a-v1,5 4 13 4 11 20 22 3 4 13 0 24 8 10 8 11,amount volume ABS volume DIV MA20 RET5 close volume ABS open DECAY ADD MUL ADD DIV,(amount DIV (RET5(MA20((ABS(volume) DIV volume))) ADD (close MUL (ABS(volume) ADD DECAY(open))))),16,10,True,,0.007484546396881342,42820,0.9871590733528137,58.52829360961914,2337,0.007484546396881342,,0.5588361024856567,0.1886105692014098,3.501925468444824,866.6325073242188,25,1277
phase3c_gpu_000021_0337,phase3c_gpu_train,phase3a-v1,7 19 14 13 5 3 7 4 5 22 13 8 8 10 11 8,CONST_1 MA10 SIGN ABS amount close CONST_1 volume amount RET5 ABS ADD ADD MUL DIV ADD,(ABS(SIGN(MA10(CONST_1))) ADD (amount DIV (close MUL (CONST_1 ADD (volume ADD ABS(RET5(amount))))))),16,10,True,,0.007436657790094614,43285,0.9978790283203125,58.3162727355957,2337,0.007436657790094614,,0.5584082007408142,0.18740377631038427,3.501925468444824,867.5938110351562,21,337
phase3c_gpu_000028_1915,phase3c_gpu_train,phase3a-v1,3 4 8 0 7 15 5 12 1 9 3 13 11 8 8 11,close volume ADD open CONST_1 DELAY1 amount NEG high SUB close ABS DIV ADD ADD DIV,((close ADD volume) DIV (open ADD (DELAY1(CONST_1) ADD ((NEG(amount) SUB high) DIV ABS(close))))),16,10,True,,0.007424521259963512,43375,0.9999538660049438,0.011941822245717049,2337,0.007424521259963512,,0.5588361024856567,0.18709793575108052,3.501925468444824,1.0,28,1915
phase3c_gpu_000025_1519,phase3c_gpu_train,phase3a-v1,4 20 13 20 14 3 5 13 4 11 1 14 15 9 11 9,volume MA20 ABS MA20 SIGN close amount ABS volume DIV high SIGN DELAY1 SUB DIV SUB,(SIGN(MA20(ABS(MA20(volume)))) SUB (close DIV ((ABS(amount) DIV volume) SUB DELAY1(SIGN(high))))),16,10,True,,0.0074064950458705425,43370,0.9998385906219482,0.1333521008491516,2337,0.0074064950458705425,,0.5596919059753418,0.18664367515593766,3.501925468444824,6.983760833740234,25,1519
phase3c_gpu_000001_1280,phase3c_gpu_train,phase3a-v1,0 4 12 1 12 8 11 4 24 8 19 23 20 5 20 11,open volume NEG high NEG ADD DIV volume DECAY ADD MA10 RET10 MA20 amount MA20 DIV,(MA20(RET10(MA10(((open DIV (NEG(volume) ADD NEG(high))) ADD DECAY(volume))))) DIV MA20(amount)),16,10,True,,0.0073989760130643845,42617,0.9824791550636292,6.88303600782092e-07,2337,0.0073989760130643845,,0.574240505695343,0.1864541955292225,3.501925468444824,6.338638922898099e-05,1,1280
phase3c_gpu_000008_0728,phase3c_gpu_train,phase3a-v1,7 15 17 0 9 5 5 22 23 21 17 21 24 8 21 10,CONST_1 DELAY1 DELAY10 open SUB amount amount RET5 RET10 STD10 DELAY10 STD10 DECAY ADD STD10 MUL,((DELAY10(DELAY1(CONST_1)) SUB open) MUL STD10((amount ADD DECAY(STD10(DELAY10(STD10(RET10(RET5(amount))))))))),16,10,True,,0.007322768215090036,42191,0.9726582765579224,1830253568.0,2337,0.007322768215090036,,0.5348737835884094,0.18453375902026892,3.501925468444824,55343734784.0,8,728
phase3c_gpu_000024_1073,phase3c_gpu_train,phase3a-v1,5 23 3 16 5 13 0 2 14 9 19 12 13 11 8 8,amount RET10 close DELAY5 amount ABS open low SIGN SUB MA10 NEG ABS DIV ADD ADD,(RET10(amount) ADD (DELAY5(close) ADD (ABS(amount) DIV ABS(NEG(MA10((open SUB SIGN(low)))))))),16,10,True,,0.00725143076851964,43150,0.9947667717933655,15960334401536.0,2337,0.00725143076851964,,0.5318784713745117,0.18273605536669493,3.501925468444824,2350886051381248.0,24,1073
phase3c_gpu_000037_0932,phase3c_gpu_train,phase3a-v1,2 1 1 17 0 15 2 1 19 3 9 10 8 10 9 8,low high high DELAY10 open DELAY1 low high MA10 close SUB MUL ADD MUL SUB ADD,(low ADD (high SUB (DELAY10(high) MUL (DELAY1(open) ADD (low MUL (MA10(high) SUB close)))))),16,10,True,,0.007222190499305725,43187,0.9956197738647461,9.422861099243164,2337,0.007222190499305725,,0.5357295870780945,0.18199920058250427,3.501925468444824,297.71331787109375,37,932
phase3c_gpu_000064_1820,phase3c_gpu_train,phase3a-v1,3 0 12 10 18 19 15 1 1 14 24 0 13 8 8 8,close open NEG MUL MA5 MA10 DELAY1 high high SIGN DECAY open ABS ADD ADD ADD,(DELAY1(MA10(MA5((close MUL NEG(open))))) ADD (high ADD (DECAY(SIGN(high)) ADD ABS(open)))),16,10,True,,0.007215382531285286,43111,0.9938676953315735,7.719951629638672,2337,0.007215382531285286,,0.5271716117858887,0.1818276397883892,3.501925468444824,99.50457763671875,64,1820
phase3c_gpu_000004_0175,phase3c_gpu_train,phase3a-v1,1 23 0 7 9 3 21 7 2 24 11 10 19 24 11 11,high RET10 open CONST_1 SUB close STD10 CONST_1 low DECAY DIV MUL MA10 DECAY DIV DIV,(RET10(high) DIV ((open SUB CONST_1) DIV DECAY(MA10((STD10(close) MUL (CONST_1 DIV DECAY(low))))))),16,10,True,,0.007191202137619257,42593,0.981925904750824,0.07409916818141937,2337,0.007191202137619257,,0.5438596606254578,0.18121829386800528,3.501925468444824,4.198378086090088,4,175
phase3c_gpu_000018_0092,phase3c_gpu_train,phase3a-v1,7 1 9 19 13 12 5 11 7 2 15 1 10 14 10 10,CONST_1 high SUB MA10 ABS NEG amount DIV CONST_1 low DELAY1 high MUL SIGN MUL MUL,((NEG(ABS(MA10((CONST_1 SUB high)))) DIV amount) MUL (CONST_1 MUL SIGN((DELAY1(low) MUL high)))),16,10,True,,0.007177187129855156,43201,0.9959425330162048,1.9556268853193615e-06,2337,0.007177187129855156,,0.5344458818435669,0.18086511567234992,3.501925468444824,0.00016791773668956012,18,92
phase3c_gpu_000026_1402,phase3c_gpu_train,phase3a-v1,3 13 18 3 13 4 10 11 21 0 7 4 16 11 8 11,close ABS MA5 close ABS volume MUL DIV STD10 open CONST_1 volume DELAY5 DIV ADD DIV,(STD10((MA5(ABS(close)) DIV (ABS(close) MUL volume))) DIV (open ADD (CONST_1 DIV DELAY5(volume)))),16,10,True,,0.007162637542933226,43089,0.9933605194091797,0.0006569966208189726,2337,0.007162637542933226,,0.5648267269134521,0.18049846608191727,3.501925468444824,0.03887743130326271,26,1402
phase3c_gpu_000017_0822,phase3c_gpu_train,phase3a-v1,1 13 16 5 4 11 0 13 11 15 1 20 15 9 20 8,high ABS DELAY5 amount volume DIV open ABS DIV DELAY1 high MA20 DELAY1 SUB MA20 ADD,(DELAY5(ABS(high)) ADD MA20((DELAY1(((amount DIV volume) DIV ABS(open))) SUB DELAY1(MA20(high))))),16,10,True,,0.007160802371799946,42556,0.9810729026794434,58.446632385253906,2337,0.007160802371799946,,0.5643988251686096,0.18045221976935863,3.501925468444824,754.6725463867188,17,822
phase3c_gpu_000019_0905,phase3c_gpu_train,phase3a-v1,5 1 5 3 10 23 10 19 2 1 4 13 8 10 8 11,amount high amount close MUL RET10 MUL MA10 low high volume ABS ADD MUL ADD DIV,(amount DIV (MA10((high MUL RET10((amount MUL close)))) ADD (low MUL (high ADD ABS(volume))))),16,10,True,,0.007160537876188755,42976,0.9907554388046265,61.27081298828125,2337,0.007160537876188755,,0.562259316444397,0.18044555447995664,3.501925468444824,1459.0670166015625,19,905
phase3c_gpu_000016_0339,phase3c_gpu_train,phase3a-v1,7 3 14 7 18 12 8 5 8 0 8 2 4 10 11 8,CONST_1 close SIGN CONST_1 MA5 NEG ADD amount ADD open ADD low volume MUL DIV ADD,(CONST_1 ADD ((((SIGN(close) ADD NEG(MA5(CONST_1))) ADD amount) ADD open) DIV (low MUL volume))),16,10,True,,0.007147957570850849,43364,0.9997003078460693,61.04658126831055,2337,0.007147957570850849,,0.562259316444397,0.1801285307854414,3.501925468444824,1460.07470703125,16,339
phase3c_gpu_000038_0226,phase3c_gpu_train,phase3a-v1,7 18 15 5 5 13 0 8 1 2 4 10 8 8 11 8,CONST_1 MA5 DELAY1 amount amount ABS open ADD high low volume MUL ADD ADD DIV ADD,(DELAY1(MA5(CONST_1)) ADD (amount DIV ((ABS(amount) ADD open) ADD (high ADD (low MUL volume))))),16,10,True,,0.007147957570850849,43367,0.9997694492340088,0.011022423394024372,2337,0.007147957570850849,,0.562259316444397,0.1801285307854414,3.501925468444824,1.9993150234222412,38,226
phase3c_gpu_000033_0673,phase3c_gpu_train,phase3a-v1,5 5 3 24 3 10 4 8 3 2 13 24 8 10 8 11,amount amount close DECAY close MUL volume ADD close low ABS DECAY ADD MUL ADD DIV,(amount DIV (amount ADD (((DECAY(close) MUL close) ADD volume) MUL (close ADD DECAY(ABS(low)))))),16,10,True,,0.007129434030503035,43339,0.9991239309310913,0.011468233540654182,2337,0.007129434030503035,,0.5618314146995544,0.17966173756867648,3.501925468444824,0.9977025389671326,33,673
phase3c_gpu_000085_0894,phase3c_gpu_train,phase3a-v1,1 18 12 0 8 24 15 19 19 24 0 5 0 8 8 11,high MA5 NEG open ADD DECAY DELAY1 MA10 MA10 DECAY open amount open ADD ADD DIV,(DECAY(MA10(MA10(DELAY1(DECAY((NEG(MA5(high)) ADD open)))))) DIV (open ADD (amount ADD open))),16,10,True,,0.007127842865884304,42864,0.9881734251976013,8.708953828318045e-05,2337,0.007127842865884304,,0.5340179800987244,0.17962164022028446,3.501925468444824,0.012934175319969654,85,894
phase3c_gpu_000005_1685,phase3c_gpu_train,phase3a-v1,2 19 22 7 10 4 19 24 18 19 24 20 20 23 14 8,low MA10 RET5 CONST_1 MUL volume MA10 DECAY MA5 MA10 DECAY MA20 MA20 RET10 SIGN ADD,((RET5(MA10(low)) MUL CONST_1) ADD SIGN(RET10(MA20(MA20(DECAY(MA10(MA5(DECAY(MA10(volume)))))))))),16,10,True,,0.007124309428036213,43111,0.9938676953315735,0.9875892996788025,2337,0.007124309428036213,,0.5382969379425049,0.17953259758651258,3.501925468444824,1.90599524974823,5,1685
phase3c_gpu_000036_0121,phase3c_gpu_train,phase3a-v1,4 1 0 7 13 13 3 0 8 4 8 8 10 8 9 20,volume high open CONST_1 ABS ABS close open ADD volume ADD ADD MUL ADD SUB MA20,MA20((volume SUB (high ADD (open MUL (ABS(ABS(CONST_1)) ADD ((close ADD open) ADD volume)))))),16,10,True,,0.007123337592929602,43016,0.9916775822639465,8160203.5,2337,0.007123337592929602,,0.528883159160614,0.17950810734182596,3.501925468444824,126523800.0,36,121
phase3c_gpu_000035_1783,phase3c_gpu_train,phase3a-v1,5 22 21 5 1 24 11 7 18 19 5 12 9 9 19 8,amount RET5 STD10 amount high DECAY DIV CONST_1 MA5 MA10 amount NEG SUB SUB MA10 ADD,(STD10(RET5(amount)) ADD MA10(((amount DIV DECAY(high)) SUB (MA10(MA5(CONST_1)) SUB NEG(amount))))),16,10,True,,0.0071131568402051926,43055,0.9925767183303833,897862464.0,2337,0.0071131568402051926,,0.5267437100410461,0.17925155237317086,3.501925468444824,19175624704.0,35,1783
phase3c_gpu_000021_2005,phase3c_gpu_train,phase3a-v1,1 0 21 0 3 19 1 24 24 15 13 10 19 9 9 9,high open STD10 open close MA10 high DECAY DECAY DELAY1 ABS MUL MA10 SUB SUB SUB,(high SUB (STD10(open) SUB (open SUB MA10((MA10(close) MUL ABS(DELAY1(DECAY(DECAY(high))))))))),16,10,True,,0.007098864298313856,43035,0.9921156167984009,7.848545074462891,2337,0.007098864298313856,,0.5224646925926208,0.17889138031750917,3.501925468444824,102.25978088378906,21,2005
phase3c_gpu_000007_0953,phase3c_gpu_train,phase3a-v1,0 17 2 24 15 24 20 5 22 22 17 8 19 2 8 11,open DELAY10 low DECAY DELAY1 DECAY MA20 amount RET5 RET5 DELAY10 ADD MA10 low ADD DIV,(DELAY10(open) DIV (MA10((MA20(DECAY(DELAY1(DECAY(low)))) ADD DELAY10(RET5(RET5(amount))))) ADD low)),16,10,True,,0.007079325616359711,42690,0.9841620922088623,68.9939956665039,2337,0.007079325616359711,,0.551133930683136,0.1783990055322647,3.501925468444824,9027.2138671875,7,953
phase3c_gpu_000045_0263,phase3c_gpu_train,phase3a-v1,1 16 15 3 3 10 17 3 7 2 19 20 11 9 8 11,high DELAY5 DELAY1 close close MUL DELAY10 close CONST_1 low MA10 MA20 DIV SUB ADD DIV,(DELAY1(DELAY5(high)) DIV (DELAY10((close MUL close)) ADD (close SUB (CONST_1 DIV MA20(MA10(low)))))),16,10,True,,0.007067388389259577,42845,0.987735390663147,76.64031982421875,2337,0.007067388389259577,,0.5314505696296692,0.17809818740934133,3.501925468444824,14755.865234375,45,263
phase3c_gpu_000039_1721,phase3c_gpu_train,phase3a-v1,0 0 16 0 19 10 9 15 0 19 12 14 13 0 8 8,open open DELAY5 open MA10 MUL SUB DELAY1 open MA10 NEG SIGN ABS open ADD ADD,(DELAY1((open SUB (DELAY5(open) MUL MA10(open)))) ADD (ABS(SIGN(NEG(MA10(open)))) ADD open)),16,10,True,,0.007061844691634178,43187,0.9956197738647461,7.733997821807861,2337,0.007061844691634178,,0.5254600048065186,0.17795848622918128,3.501925468444824,104.28450775146484,39,1721
phase3c_gpu_000024_0984,phase3c_gpu_train,phase3a-v1,2 23 2 10 1 3 7 17 24 13 13 0 8 9 8 11,low RET10 low MUL high close CONST_1 DELAY10 DECAY ABS ABS open ADD SUB ADD DIV,((RET10(low) MUL low) DIV (high ADD (close SUB (ABS(ABS(DECAY(DELAY10(CONST_1)))) ADD open)))),16,10,True,,0.007059714291244745,42886,0.9886806011199951,16474.5234375,2337,0.007059714291244745,,0.5340179800987244,0.17790480013936757,3.501925468444824,1783177.375,24,984
phase3c_gpu_000009_0702,phase3c_gpu_train,phase3a-v1,1 23 0 13 3 16 9 14 16 24 17 13 16 23 10 19,high RET10 open ABS close DELAY5 SUB SIGN DELAY5 DECAY DELAY10 ABS DELAY5 RET10 MUL MA10,MA10((RET10(high) MUL RET10(DELAY5(ABS(DELAY10(DECAY(DELAY5(SIGN((ABS(open) SUB DELAY5(close))))))))))),16,10,True,,0.007042983081191778,40548,0.9347810745239258,0.07068924605846405,2337,0.007042983081191778,,0.5404364466667175,0.1774831736460328,3.501925468444824,2.045231342315674,9,702
phase3c_gpu_000049_0497,phase3c_gpu_train,phase3a-v1,3 21 0 19 0 4 13 8 13 14 0 19 11 8 9 24,close STD10 open MA10 open volume ABS ADD ABS SIGN open MA10 DIV ADD SUB DECAY,DECAY((STD10(close) SUB (MA10(open) ADD (SIGN(ABS((open ADD ABS(volume)))) DIV MA10(open))))),16,10,True,,0.007036793511360884,43168,0.9951817393302917,1.1453300714492798,2337,0.007036793511360884,,0.5378690361976624,0.17732719648629428,3.501925468444824,10.828389167785645,49,497
phase3c_gpu_000025_1643,phase3c_gpu_train,phase3a-v1,0 16 17 18 21 7 21 20 13 1 16 0 23 11 8 11,open DELAY5 DELAY10 MA5 STD10 CONST_1 STD10 MA20 ABS high DELAY5 open RET10 DIV ADD DIV,(STD10(MA5(DELAY10(DELAY5(open)))) DIV (ABS(MA20(STD10(CONST_1))) ADD (DELAY5(high) DIV RET10(open)))),16,10,True,,0.007020156364887953,40025,0.9227240085601807,0.003117220476269722,2337,0.007020156364887953,,0.5280274152755737,0.1769079403951764,3.501925468444824,0.14593887329101562,25,1643
phase3c_gpu_000007_1052,phase3c_gpu_train,phase3a-v1,4 1 23 13 18 24 10 20 24,volume high RET10 ABS MA5 DECAY MUL MA20 DECAY,DECAY(MA20((volume MUL DECAY(MA5(ABS(RET10(high))))))),9,10,True,,0.007018302101641893,42674,0.9837932586669922,879000.3125,2337,0.007018302101641893,,0.5305947661399841,0.17686121296137572,3.501925468444824,34748732.0,7,1052
phase3c_gpu_000040_1811,phase3c_gpu_train,phase3a-v1,0 24 4 0 8 13 0 18 0 21 8 10 4 9 18 9,open DECAY volume open ADD ABS open MA5 open STD10 ADD MUL volume SUB MA5 SUB,(DECAY(open) SUB MA5(((ABS((volume ADD open)) MUL (MA5(open) ADD STD10(open))) SUB volume))),16,10,True,,0.006987069267779589,43130,0.9943057298660278,9108272.0,2337,0.006987069267779589,,0.5271716117858887,0.17607414554804562,3.501925468444824,223785776.0,40,1811
phase3c_gpu_000021_1315,phase3c_gpu_train,phase3a-v1,4 24 7 21 19 3 4 13 5 24 7 9 8 11 9 10,volume DECAY CONST_1 STD10 MA10 close volume ABS amount DECAY CONST_1 SUB ADD DIV SUB MUL,(DECAY(volume) MUL (MA10(STD10(CONST_1)) SUB (close DIV (ABS(volume) ADD (DECAY(amount) SUB CONST_1))))),16,10,True,,0.00698078004643321,43307,0.9983862042427063,0.0015349775785580277,2337,0.00698078004643321,,0.5601198077201843,0.1759156571701169,3.501925468444824,0.024946963414549828,21,1315
phase3c_gpu_000074_1576,phase3c_gpu_train,phase3a-v1,3 0 11 24 2 0 8 3 1 24 10 20 24 15 9 8,close open DIV DECAY low open ADD close high DECAY MUL MA20 DECAY DELAY1 SUB ADD,(DECAY((close DIV open)) ADD ((low ADD open) SUB DELAY1(DECAY(MA20((close MUL DECAY(high))))))),16,10,True,,0.006974983029067516,42921,0.9894874691963196,7.823239803314209,2337,0.006974983029067516,,0.5258879065513611,0.1757695723325014,3.501925468444824,97.7379379272461,74,1576
phase3c_gpu_000038_0588,phase3c_gpu_train,phase3a-v1,2 13 4 1 19 1 13 8 17 20 14 15 11 14 9 22,low ABS volume high MA10 high ABS ADD DELAY10 MA20 SIGN DELAY1 DIV SIGN SUB RET5,RET5((ABS(low) SUB SIGN((volume DIV DELAY1(SIGN(MA20(DELAY10((MA10(high) ADD ABS(high)))))))))),16,10,True,,0.006972198374569416,42893,0.9888420104980469,0.7138331532478333,2337,0.006972198374569416,,0.5391527414321899,0.17569939903914927,3.501925468444824,28.166667938232422,38,588
phase3c_gpu_000014_1044,phase3c_gpu_train,phase3a-v1,0 12 5 3 5 10 13 9 20 7 16 19 10 18 24 8,open NEG amount close amount MUL ABS SUB MA20 CONST_1 DELAY5 MA10 MUL MA5 DECAY ADD,(NEG(open) ADD DECAY(MA5((MA20((amount SUB ABS((close MUL amount)))) MUL MA10(DELAY5(CONST_1)))))),16,10,True,,0.0069704363122582436,42902,0.98904949426651,3808156416.0,2337,0.0069704363122582436,,0.5284552574157715,0.17565499506890775,3.501925468444824,83533111296.0,14,1044
phase3c_gpu_000075_1990,phase3c_gpu_train,phase3a-v1,4 2 1 22 13 0 1 20 4 2 8 10 9 8 9 9,volume low high RET5 ABS open high MA20 volume low ADD MUL SUB ADD SUB SUB,(volume SUB (low SUB (ABS(RET5(high)) ADD (open SUB (MA20(high) MUL (volume ADD low)))))),16,10,True,,0.006968094035983086,43016,0.9916775822639465,9304526.0,2337,0.006968094035983086,,0.5233204960823059,0.17559596970677377,3.501925468444824,319857728.0,75,1990
phase3c_gpu_000038_1323,phase3c_gpu_train,phase3a-v1,3 5 1 5 13 4 14 8 0 19 20 20 8 10 9 8,close amount high amount ABS volume SIGN ADD open MA10 MA20 MA20 ADD MUL SUB ADD,(close ADD (amount SUB (high MUL ((ABS(amount) ADD SIGN(volume)) ADD MA20(MA20(MA10(open))))))),16,10,True,,0.006961829029023647,42484,0.9794130325317383,4564743168.0,2337,0.006961829029023647,,0.5310226678848267,0.17543809153139592,3.501925468444824,192995803136.0,38,1323
phase3c_gpu_000022_1420,phase3c_gpu_train,phase3a-v1,5 15 5 8 19 19 2 20 11 13 22 20 3 5 10 11,amount DELAY1 amount ADD MA10 MA10 low MA20 DIV ABS RET5 MA20 close amount MUL DIV,(MA20(RET5(ABS((MA10(MA10((DELAY1(amount) ADD amount))) DIV MA20(low))))) DIV (close MUL amount)),16,10,True,,0.006960029248148203,42555,0.9810498356819153,8.187547564375564e-07,2337,0.006960029248148203,,0.566110372543335,0.17539273705333472,3.501925468444824,7.463954534614459e-05,22,1420
phase3c_gpu_000007_0662,phase3c_gpu_train,phase3a-v1,1 12 0 21 20 11 13 21 13 3 11 17 12 20 16 22,high NEG open STD10 MA20 DIV ABS STD10 ABS close DIV DELAY10 NEG MA20 DELAY5 RET5,RET5(DELAY5(MA20(NEG(DELAY10((ABS(STD10(ABS((NEG(high) DIV MA20(STD10(open)))))) DIV close)))))),16,10,True,,0.006954077165573835,41961,0.9673559665679932,0.2754501700401306,2337,0.006954077165573835,,0.5618314146995544,0.17524274457246064,3.501925468444824,13.5946626663208,7,662
phase3c_gpu_000012_0515,phase3c_gpu_train,phase3a-v1,3 13 7 11 21 22 17 13 17 24 23 23 22 20 20 16,close ABS CONST_1 DIV STD10 RET5 DELAY10 ABS DELAY10 DECAY RET10 RET10 RET5 MA20 MA20 DELAY5,DELAY5(MA20(MA20(RET5(RET10(RET10(DECAY(DELAY10(ABS(DELAY10(RET5(STD10((ABS(close) DIV CONST_1))))))))))))),16,10,True,,0.006949648726731539,36731,0.8467851281166077,40.96253204345703,2337,0.006949648726731539,,0.566110372543335,0.17513114791363477,3.501925468444824,1255.4432373046875,12,515
phase3c_gpu_000005_1227,phase3c_gpu_train,phase3a-v1,2 13 21 2 24 14 19 0 2 3 16 16 10 10 8 11,low ABS STD10 low DECAY SIGN MA10 open low close DELAY5 DELAY5 MUL MUL ADD DIV,(STD10(ABS(low)) DIV (MA10(SIGN(DECAY(low))) ADD (open MUL (low MUL DELAY5(DELAY5(close)))))),16,10,True,,0.006948209833353758,43187,0.9956197738647461,0.009594844654202461,2337,0.006948209833353758,,0.5331621766090393,0.1750948878005147,3.501925468444824,0.3838297426700592,5,1227
phase3c_gpu_000001_0195,phase3c_gpu_train,phase3a-v1,5 18 24 20 17 20 16 16 16 23 13 7 6 9 24 11,amount MA5 DECAY MA20 DELAY10 MA20 DELAY5 DELAY5 DELAY5 RET10 ABS CONST_1 CONST_0 SUB DECAY DIV,(ABS(RET10(DELAY5(DELAY5(DELAY5(MA20(DELAY10(MA20(DECAY(MA5(amount)))))))))) DIV DECAY((CONST_1 SUB CONST_0))),16,10,True,,0.006941165775060654,41924,0.9665029644966125,0.18830424547195435,2337,0.006941165775060654,,0.5387248396873474,0.17491737753152847,3.501925468444824,4.638674259185791,1,195
phase3c_gpu_000024_1606,phase3c_gpu_train,phase3a-v1,2 3 13 8 2 16 0 8 0 19 11 13 9 13 22 24,low close ABS ADD low DELAY5 open ADD open MA10 DIV ABS SUB ABS RET5 DECAY,DECAY(RET5(ABS(((low ADD ABS(close)) SUB ABS(((DELAY5(low) ADD open) DIV MA10(open))))))),16,10,True,,0.00692934961989522,43055,0.9925767183303833,442.6833190917969,2337,0.00692934961989522,,0.5412922501564026,0.17461961042135954,3.501925468444824,60244.86328125,24,1606
phase3c_gpu_000035_0446,phase3c_gpu_train,phase3a-v1,4 3 13 0 1 4 8 10 9 0 3 23 12 11 8 8,volume close ABS open high volume ADD MUL SUB open close RET10 NEG DIV ADD ADD,(volume ADD ((ABS(close) SUB (open MUL (high ADD volume))) ADD (open DIV NEG(RET10(close))))),16,10,True,,0.006924615707248449,40215,0.9271042346954346,9732031.0,2337,0.006924615707248449,,0.5284552574157715,0.17450031582266093,3.501925468444824,316116416.0,35,446
phase3c_gpu_000010_0171,phase3c_gpu_train,phase3a-v1,3 4 18 24 12 16 18 14 24 13 9 23 7 19 22 8,close volume MA5 DECAY NEG DELAY5 MA5 SIGN DECAY ABS SUB RET10 CONST_1 MA10 RET5 ADD,(RET10((close SUB ABS(DECAY(SIGN(MA5(DELAY5(NEG(DECAY(MA5(volume)))))))))) ADD RET5(MA10(CONST_1))),16,10,True,,0.006923682987689972,42837,0.9875509738922119,1.5216819047927856,2337,0.006923682987689972,,0.5348737835884094,0.1744768112897873,3.501925468444824,170.0001678466797,10,171
phase3c_gpu_000065_0406,phase3c_gpu_train,phase3a-v1,3 13 0 10 12 19 24 3 24 14 8 24 0 8 2 8,close ABS open MUL NEG MA10 DECAY close DECAY SIGN ADD DECAY open ADD low ADD,((DECAY((DECAY(MA10(NEG((ABS(close) MUL open)))) ADD SIGN(DECAY(close)))) ADD open) ADD low),16,10,True,,0.006921679247170687,43130,0.9943057298660278,7.75067663192749,2337,0.006921679247170687,,0.5263158082962036,0.17442631702870132,3.501925468444824,99.53123474121094,65,406
phase3c_gpu_000007_0717,phase3c_gpu_train,phase3a-v1,7 7 8 1 17 10 14 1 18 19 9 4 10 1 14 10,CONST_1 CONST_1 ADD high DELAY10 MUL SIGN high MA5 MA10 SUB volume MUL high SIGN MUL,(((SIGN(((CONST_1 ADD CONST_1) MUL DELAY10(high))) SUB MA10(MA5(high))) MUL volume) MUL SIGN(high)),16,10,True,,0.006920855026692152,43130,0.9943057298660278,9353198.0,2337,0.006920855026692152,,0.5284552574157715,0.17440554667264224,3.501925468444824,320799616.0,7,717
phase3c_gpu_000006_1634,phase3c_gpu_train,phase3a-v1,3 13 4 10 24 17 23 20 5 4 22 20 8 0 10 11,close ABS volume MUL DECAY DELAY10 RET10 MA20 amount volume RET5 MA20 ADD open MUL DIV,(MA20(RET10(DELAY10(DECAY((ABS(close) MUL volume))))) DIV ((amount ADD MA20(RET5(volume))) MUL open)),16,10,True,,0.006914335303008556,42518,0.9801968336105347,0.12250132113695145,2337,0.006914335303008556,,0.5528455376625061,0.1742412496358156,3.501925468444824,25.185497283935547,6,1634
phase3c_gpu_000008_0588,phase3c_gpu_train,phase3a-v1,2 23 22 14 3 24 12 21 8 13 16 17 13 2 9 23,low RET10 RET5 SIGN close DECAY NEG STD10 ADD ABS DELAY5 DELAY10 ABS low SUB RET10,RET10((ABS(DELAY10(DELAY5(ABS((SIGN(RET5(RET10(low))) ADD STD10(NEG(DECAY(close)))))))) SUB low)),16,10,True,,0.0068977102637290955,42712,0.9846692681312561,57.572208404541016,2337,0.0068977102637290955,,0.5378690361976624,0.1738222986459732,3.501925468444824,9655.2421875,8,588
phase3c_gpu_000032_0449,phase3c_gpu_train,phase3a-v1,5 13 1 20 18 1 5 7 16 4 21 8 8 9 10 8,amount ABS high MA20 MA5 high amount CONST_1 DELAY5 volume STD10 ADD ADD SUB MUL ADD,(ABS(amount) ADD (MA5(MA20(high)) MUL (high SUB (amount ADD (DELAY5(CONST_1) ADD STD10(volume)))))),16,10,True,,0.006878187879920006,42940,0.9899255037307739,4364775424.0,2337,0.006878187879920006,,0.5254600048065186,0.17333033457398414,3.501925468444824,174559051776.0,32,449
phase3c_gpu_000059_0214,phase3c_gpu_train,phase3a-v1,3 1 0 4 9 0 8 7 13 1 12 8 19 10 8 9,close high open volume SUB open ADD CONST_1 ABS high NEG ADD MA10 MUL ADD SUB,(close SUB (high ADD (((open SUB volume) ADD open) MUL MA10((ABS(CONST_1) ADD NEG(high)))))),16,10,True,,0.006877644453197718,43206,0.9960578083992004,9405534.0,2337,0.006877644453197718,,0.5275995135307312,0.1733166402205825,3.501925468444824,319434400.0,59,214
phase3c_gpu_000011_1645,phase3c_gpu_train,phase3a-v1,5 5 8 13 4 2 1 0 23 24 17 21 10 9 10 11,amount amount ADD ABS volume low high open RET10 DECAY DELAY10 STD10 MUL SUB MUL DIV,(ABS((amount ADD amount)) DIV (volume MUL (low SUB (high MUL STD10(DELAY10(DECAY(RET10(open)))))))),16,10,True,,0.006877366919070482,42801,0.9867210388183594,138.1805419921875,2337,0.006877366919070482,,0.5626872181892395,0.17330964636057616,3.501925468444824,3365.18994140625,11,1645
phase3c_gpu_000010_0933,phase3c_gpu_train,phase3a-v1,6 4 22 16 14 9 20 13 18 21 0 5 10 2 8 11,CONST_0 volume RET5 DELAY5 SIGN SUB MA20 ABS MA5 STD10 open amount MUL low ADD DIV,(STD10(MA5(ABS(MA20((CONST_0 SUB SIGN(DELAY5(RET5(volume)))))))) DIV ((open MUL amount) ADD low)),16,10,True,,0.006874402053654194,43313,0.99852454662323,0.0005258168675936759,2337,0.006874402053654194,,0.5605477094650269,0.17323493175208568,3.501925468444824,0.08207967132329941,10,933
phase3c_gpu_000069_0425,phase3c_gpu_train,phase3a-v1,2 2 1 8 0 21 8 1 0 17 2 16 10 8 9 8,low low high ADD open STD10 ADD high open DELAY10 low DELAY5 MUL ADD SUB ADD,(low ADD (((low ADD high) ADD STD10(open)) SUB (high ADD (DELAY10(open) MUL DELAY5(low))))),16,10,True,,0.006864502094686031,43187,0.9956197738647461,7.6096062660217285,2337,0.006864502094686031,,0.5237483978271484,0.17298545278608798,3.501925468444824,103.19509887695312,69,425
phase3c_gpu_000029_0641,phase3c_gpu_train,phase3a-v1,4 13 0 0 19 19 4 2 8 10 5 14 9 13 8 9,volume ABS open open MA10 MA10 volume low ADD MUL amount SIGN SUB ABS ADD SUB,(ABS(volume) SUB (open ADD ABS(((MA10(MA10(open)) MUL (volume ADD low)) SUB SIGN(amount))))),16,10,True,,0.006840840447694063,43035,0.9921156167984009,9175553.0,2337,0.006840840447694063,,0.524176299571991,0.1723891792818904,3.501925468444824,318525824.0,29,641
phase3c_gpu_000029_1534,phase3c_gpu_train,phase3a-v1,5 4 16 13 3 20 5 12 4 13 4 8 8 10 9 9,amount volume DELAY5 ABS close MA20 amount NEG volume ABS volume ADD ADD MUL SUB SUB,(amount SUB (ABS(DELAY5(volume)) SUB (MA20(close) MUL (NEG(amount) ADD (ABS(volume) ADD volume))))),16,10,True,,0.00683625927194953,43016,0.9916775822639465,4314113536.0,2337,0.00683625927194953,,0.5254600048065186,0.17227373365312815,3.501925468444824,175911403520.0,29,1534
phase3c_gpu_000014_0326,phase3c_gpu_train,phase3a-v1,3 13 3 10 22 14 19 5 20 17 17 20 9 24 0 10,close ABS close MUL RET5 SIGN MA10 amount MA20 DELAY10 DELAY10 MA20 SUB DECAY open MUL,(DECAY((MA10(SIGN(RET5((ABS(close) MUL close)))) SUB MA20(DELAY10(DELAY10(MA20(amount)))))) MUL open),16,10,True,,0.0068329693749547005,42275,0.9745948314666748,4534226432.0,2337,0.0068329693749547005,,0.5412922501564026,0.17219082824885845,3.501925468444824,76231876608.0,14,326
phase3c_gpu_000003_1696,phase3c_gpu_train,phase3a-v1,2 13 24 0 19 22 17 16 17 20 14 1 20 15 9 8,low ABS DECAY open MA10 RET5 DELAY10 DELAY5 DELAY10 MA20 SIGN high MA20 DELAY1 SUB ADD,(DECAY(ABS(low)) ADD (SIGN(MA20(DELAY10(DELAY5(DELAY10(RET5(MA10(open))))))) SUB DELAY1(MA20(high)))),16,10,True,,0.006832181941717863,42997,0.991239607334137,0.9920644164085388,2337,0.006832181941717863,,0.5528455376625061,0.17217098493129016,3.501925468444824,3.5363340377807617,3,1696
phase3c_gpu_000028_0044,phase3c_gpu_train,phase3a-v1,1 4 14 18 1 18 15 1 8 3 17 2 10 9 9 9,high volume SIGN MA5 high MA5 DELAY1 high ADD close DELAY10 low MUL SUB SUB SUB,(high SUB (MA5(SIGN(volume)) SUB ((DELAY1(MA5(high)) ADD high) SUB (DELAY10(close) MUL low)))),16,10,True,,0.006829111836850643,43195,0.9958041906356812,6.2471723556518555,2337,0.006829111836850643,,0.5537013411521912,0.1720936182886362,3.501925468444824,84.11099243164062,28,44
phase3c_gpu_000060_0493,phase3c_gpu_train,phase3a-v1,3 1 8 0 8 1 4 0 7 1 19 9 10 10 8 8,close high ADD open ADD high volume open CONST_1 high MA10 SUB MUL MUL ADD ADD,(((close ADD high) ADD open) ADD (high ADD (volume MUL (open MUL (CONST_1 SUB MA10(high)))))),16,10,True,,0.006827678997069597,43206,0.9960578083992004,43338172.0,2337,0.006827678997069597,,0.5275995135307312,0.17205751072615386,3.501925468444824,1850652672.0,60,493
phase3c_gpu_000051_0364,phase3c_gpu_train,phase3a-v1,0 24 2 4 1 14 11 3 24 20 4 13 10 9 8 8,open DECAY low volume high SIGN DIV close DECAY MA20 volume ABS MUL SUB ADD ADD,(DECAY(open) ADD (low ADD ((volume DIV SIGN(high)) SUB (MA20(DECAY(close)) MUL ABS(volume))))),16,10,True,,0.006827641278505325,42978,0.9908015727996826,9168275.0,2337,0.006827641278505325,,0.5211809873580933,0.1720565602183342,3.501925468444824,316841152.0,51,364
phase3c_gpu_000027_1001,phase3c_gpu_train,phase3a-v1,2 14 18 2 5 18 1 0 13 20 9 9 14 9 23 8,low SIGN MA5 low amount MA5 high open ABS MA20 SUB SUB SIGN SUB RET10 ADD,(MA5(SIGN(low)) ADD RET10((low SUB SIGN((MA5(amount) SUB (high SUB MA20(ABS(open)))))))),16,10,True,,0.006821441929787397,42786,0.9863752722740173,1.0968689918518066,2337,0.006821441929787397,,0.5357295870780945,0.17190033663064241,3.501925468444824,81.50008392333984,27,1001
phase3c_gpu_000004_0895,phase3c_gpu_train,phase3a-v1,3 14 0 23 0 12 18 1 0 2 10 13 9 11 10 8,close SIGN open RET10 open NEG MA5 high open low MUL ABS SUB DIV MUL ADD,(SIGN(close) ADD (RET10(open) MUL (MA5(NEG(open)) DIV (high SUB ABS((open MUL low)))))),16,10,True,,0.006819677539169788,43041,0.9922539591789246,16.132970809936523,2337,0.006819677539169788,,0.5425759553909302,0.17185587398707866,3.501925468444824,671.6669921875,4,895
phase3c_gpu_000062_1853,phase3c_gpu_train,phase3a-v1,5 19 5 7 2 18 3 20 11 12 1 8 8 10 19 9,amount MA10 amount CONST_1 low MA5 close MA20 DIV NEG high ADD ADD MUL MA10 SUB,(MA10(amount) SUB MA10((amount MUL (CONST_1 ADD (NEG((MA5(low) DIV MA20(close))) ADD high))))),16,10,True,,0.006818730384111404,42845,0.987735390663147,4078941184.0,2337,0.006818730384111404,,0.5228925943374634,0.17183200567960738,3.501925468444824,102107602944.0,62,1853
phase3c_gpu_000003_1112,phase3c_gpu_train,phase3a-v1,5 2 20 12 2 24 14 12 12 14 12 9 1 24 11 10,amount low MA20 NEG low DECAY SIGN NEG NEG SIGN NEG SUB high DECAY DIV MUL,(amount MUL ((NEG(MA20(low)) SUB NEG(SIGN(NEG(NEG(SIGN(DECAY(low))))))) DIV DECAY(high))),16,10,True,,0.006813078187406063,43016,0.9916775822639465,932839936.0,2337,0.006813078187406063,,0.5233204960823059,0.1716895703226328,3.501925468444824,31285760000.0,3,1112
phase3c_gpu_000006_2014,phase3c_gpu_train,phase3a-v1,7 17 0 2 8 3 4 22 11 16 23 8 9 19 15 20,CONST_1 DELAY10 open low ADD close volume RET5 DIV DELAY5 RET10 ADD SUB MA10 DELAY1 MA20,MA20(DELAY1(MA10((DELAY10(CONST_1) SUB ((open ADD low) ADD RET10(DELAY5((close DIV RET5(volume))))))))),16,10,True,,0.006812939886003733,42251,0.9740415215492249,70.53299713134766,2337,0.006812939886003733,,0.5459991693496704,0.17168608512729405,3.501925468444824,2529.22021484375,6,2014
phase3c_gpu_000036_1382,phase3c_gpu_train,phase3a-v1,2 14 24 4 3 7 4 1 18 24 16 8 10 9 8 8,low SIGN DECAY volume close CONST_1 volume high MA5 DECAY DELAY5 ADD MUL SUB ADD ADD,(DECAY(SIGN(low)) ADD (volume ADD (close SUB (CONST_1 MUL (volume ADD DELAY5(DECAY(MA5(high)))))))),16,10,True,,0.006811021361500025,43176,0.9953662157058716,0.21182221174240112,2337,0.006811021361500025,,0.5558408498764038,0.1716377383098006,3.501925468444824,9.0,36,1382
phase3c_gpu_000041_0499,phase3c_gpu_train,phase3a-v1,1 1 0 7 14 8 8 2 0 10 24 12 8 24 8 19,high high open CONST_1 SIGN ADD ADD low open MUL DECAY NEG ADD DECAY ADD MA10,MA10((high ADD DECAY(((high ADD (open ADD SIGN(CONST_1))) ADD NEG(DECAY((low MUL open))))))),16,10,True,,0.006810016464442015,43130,0.9943057298660278,6.279801845550537,2337,0.006810016464442015,,0.5507060289382935,0.17161241490393878,3.501925468444824,82.93424987792969,41,499
phase3c_gpu_000061_1341,phase3c_gpu_train,phase3a-v1,1 0 8 21 23 20 0 13 1 1 18 24 24 8 8 9,high open ADD STD10 RET10 MA20 open ABS high high MA5 DECAY DECAY ADD ADD SUB,(MA20(RET10(STD10((high ADD open)))) SUB (ABS(open) ADD (high ADD DECAY(DECAY(MA5(high)))))),16,10,True,,0.0068092988803982735,39286,0.9056873321533203,4.487171649932861,2337,0.0068092988803982735,,0.5370132923126221,0.1715943317860365,3.501925468444824,33.60615158081055,61,1341
phase3c_gpu_000013_0512,phase3c_gpu_train,phase3a-v1,2 13 19 21 21 17 20 3 7 18 4 13 19 9 10 10,low ABS MA10 STD10 STD10 DELAY10 MA20 close CONST_1 MA5 volume ABS MA10 SUB MUL MUL,(MA20(DELAY10(STD10(STD10(MA10(ABS(low)))))) MUL (close MUL (MA5(CONST_1) SUB MA10(ABS(volume))))),16,10,True,,0.00680916290730238,42313,0.9754708409309387,189931.8125,2337,0.00680916290730238,,0.551133930683136,0.17159090526401996,3.501925468444824,4115685.5,13,512
phase3c_gpu_000016_0849,phase3c_gpu_train,phase3a-v1,3 0 0 16 3 17 0 21 0 10 13 16 8 10 9 8,close open open DELAY5 close DELAY10 open STD10 open MUL ABS DELAY5 ADD MUL SUB ADD,(close ADD (open SUB (DELAY5(open) MUL (DELAY10(close) ADD DELAY5(ABS((STD10(open) MUL open))))))),16,10,True,,0.006805527489632368,43119,0.9940521121025085,9.403650283813477,2337,0.006805527489632368,,0.5203251838684082,0.17149929273873568,3.501925468444824,153.2517547607422,16,849
phase3c_gpu_000079_1860,phase3c_gpu_train,phase3a-v1,7 13 15 5 1 24 10 5 9 9 1 12 8 0 9 19,CONST_1 ABS DELAY1 amount high DECAY MUL amount SUB SUB high NEG ADD open SUB MA10,MA10((((DELAY1(ABS(CONST_1)) SUB ((amount MUL DECAY(high)) SUB amount)) ADD NEG(high)) SUB open)),16,10,True,,0.006804976612329483,43168,0.9951817393302917,4062857984.0,2337,0.006804976612329483,,0.5246042013168335,0.17148541063070297,3.501925468444824,102657482752.0,79,1860
phase3c_gpu_000020_0595,phase3c_gpu_train,phase3a-v1,5 2 3 17 20 24 19 1 4 10 1 14 9 8 8 11,amount low close DELAY10 MA20 DECAY MA10 high volume MUL high SIGN SUB ADD ADD DIV,(amount DIV (low ADD (MA10(DECAY(MA20(DELAY10(close)))) ADD ((high MUL volume) SUB SIGN(high))))),16,10,True,,0.006799194496124983,42635,0.9828941226005554,56.24848556518555,2337,0.006799194496124983,,0.5592640042304993,0.17133970130234957,3.501925468444824,823.41943359375,20,595
phase3c_gpu_000009_1206,phase3c_gpu_train,phase3a-v1,5 24 18 15 4 23 21 14 16 24 20 1 16 12 8 10,amount DECAY MA5 DELAY1 volume RET10 STD10 SIGN DELAY5 DECAY MA20 high DELAY5 NEG ADD MUL,(DELAY1(MA5(DECAY(amount))) MUL (MA20(DECAY(DELAY5(SIGN(STD10(RET10(volume)))))) ADD NEG(DELAY5(high)))),16,10,True,,0.006792097818106413,43206,0.9960578083992004,4173227008.0,2337,0.006792097818106413,,0.528883159160614,0.1711608650162816,3.501925468444824,113432821760.0,9,1206
phase3c_gpu_000001_0301,phase3c_gpu_train,phase3a-v1,4 22 13 24 22 20 12 7 14 24 19 12 0 8 23 8,volume RET5 ABS DECAY RET5 MA20 NEG CONST_1 SIGN DECAY MA10 NEG open ADD RET10 ADD,(NEG(MA20(RET5(DECAY(ABS(RET5(volume)))))) ADD RET10((NEG(MA10(DECAY(SIGN(CONST_1)))) ADD open))),16,10,True,,0.006785906385630369,42280,0.9747101068496704,1.8613449335098267,2337,0.006785906385630369,,0.5417201519012451,0.17100484091788531,3.501925468444824,170.2328643798828,1,301
phase3c_gpu_000021_1625,phase3c_gpu_train,phase3a-v1,2 1 16 23 14 20 8 0 19 5 10 3 10 24 16 11,low high DELAY5 RET10 SIGN MA20 ADD open MA10 amount MUL close MUL DECAY DELAY5 DIV,((low ADD MA20(SIGN(RET10(DELAY5(high))))) DIV DELAY5(DECAY(((MA10(open) MUL amount) MUL close)))),16,10,True,,0.006785143632441759,43075,0.993037760257721,2.411870809737593e-06,2337,0.006785143632441759,,0.5515618324279785,0.17098561953753233,3.501925468444824,0.000303884589811787,21,1625
phase3c_gpu_000062_1016,phase3c_gpu_train,phase3a-v1,3 16 17 13 16 19 14 3 9 19 0 0 4 8 8 10,close DELAY5 DELAY10 ABS DELAY5 MA10 SIGN close SUB MA10 open open volume ADD ADD MUL,(MA10((SIGN(MA10(DELAY5(ABS(DELAY10(DELAY5(close)))))) SUB close)) MUL (open ADD (open ADD volume))),16,10,True,,0.0067773424088954926,43206,0.9960578083992004,9267903.0,2337,0.0067773424088954926,,0.5258879065513611,0.1707890287041664,3.501925468444824,316546592.0,62,1016
phase3c_gpu_000044_1903,phase3c_gpu_train,phase3a-v1,5 3 12 20 18 20 8 0 5 5 19 19 22 8 10 9,amount close NEG MA20 MA5 MA20 ADD open amount amount MA10 MA10 RET5 ADD MUL SUB,((amount ADD MA20(MA5(MA20(NEG(close))))) SUB (open MUL (amount ADD RET5(MA10(MA10(amount)))))),16,10,True,,0.0067749302834272385,42579,0.9816031455993652,4493901312.0,2337,0.0067749302834272385,,0.525032103061676,0.1707282431423664,3.501925468444824,190626136064.0,44,1903
phase3c_gpu_000039_0185,phase3c_gpu_train,phase3a-v1,0 13 20 3 13 8 19 22 24 0 8 0 3 10 9 22,open ABS MA20 close ABS ADD MA10 RET5 DECAY open ADD open close MUL SUB RET5,RET5(((DECAY(RET5(MA10((MA20(ABS(open)) ADD ABS(close))))) ADD open) SUB (open MUL close))),16,10,True,,0.0067742797546088696,42617,0.9824791550636292,84.18700408935547,2337,0.0067742797546088696,,0.5344458818435669,0.1707118498161435,3.501925468444824,16542.666015625,39,185
phase3c_gpu_000041_1437,phase3c_gpu_train,phase3a-v1,5 1 15 20 18 2 24 16 5 3 14 20 8 8 10 9,amount high DELAY1 MA20 MA5 low DECAY DELAY5 amount close SIGN MA20 ADD ADD MUL SUB,(amount SUB (MA5(MA20(DELAY1(high))) MUL (DELAY5(DECAY(low)) ADD (amount ADD MA20(SIGN(close)))))),16,10,True,,0.00677231652662158,42921,0.9894874691963196,4349651456.0,2337,0.00677231652662158,,0.5246042013168335,0.17066237647086382,3.501925468444824,173003833344.0,41,1437
phase3c_gpu_000020_1376,phase3c_gpu_train,phase3a-v1,3 3 5 24 19 14 0 12 8 23 5 22 21 10 10 10,close close amount DECAY MA10 SIGN open NEG ADD RET10 amount RET5 STD10 MUL MUL MUL,(close MUL (close MUL (RET10((SIGN(MA10(DECAY(amount))) ADD NEG(open))) MUL STD10(RET5(amount))))),16,10,True,,0.006769840139895678,42665,0.983585774898529,3.779823064804077,2337,0.006769840139895678,,0.5327342748641968,0.17059997152537107,3.501925468444824,434.3544616699219,20,1376
phase3c_gpu_000036_1515,phase3c_gpu_train,phase3a-v1,5 14 5 11 21,amount SIGN amount DIV STD10,STD10((SIGN(amount) DIV amount)),5,10,True,,0.006768779829144478,43165,0.9951125979423523,7.534830274380511e-06,2337,0.006768779829144478,,0.5652546286582947,0.17057325169444085,3.501925468444824,0.00037871472886763513,36,1515
phase3c_gpu_000041_0534,phase3c_gpu_train,phase3a-v1,2 2 8 1 19 18 1 10 14 1 0 12 10 19 9 9,low low ADD high MA10 MA5 high MUL SIGN high open NEG MUL MA10 SUB SUB,((low ADD low) SUB (SIGN((MA5(MA10(high)) MUL high)) SUB MA10((high MUL NEG(open))))),16,10,True,,0.006768776103854179,43206,0.9960578083992004,7.880332946777344,2337,0.006768776103854179,,0.528883159160614,0.17057315781712531,3.501925468444824,103.53099822998047,41,534
phase3c_gpu_000032_1417,phase3c_gpu_train,phase3a-v1,4 3 18 24 11 7 0 12 19 8 10 3 0 15 10 10,volume close MA5 DECAY DIV CONST_1 open NEG MA10 ADD MUL close open DELAY1 MUL MUL,(((volume DIV DECAY(MA5(close))) MUL (CONST_1 ADD MA10(NEG(open)))) MUL (close MUL DELAY1(open))),16,10,True,,0.006766024045646191,43206,0.9960578083992004,42775012.0,2337,0.006766024045646191,,0.5271716117858887,0.170503805950284,3.501925468444824,1837636608.0,32,1417
phase3c_gpu_000033_1835,phase3c_gpu_train,phase3a-v1,4 20 19 5 3 3 5 3 13 13 18 11 9 9 9 9,volume MA20 MA10 amount close close amount close ABS ABS MA5 DIV SUB SUB SUB SUB,(MA10(MA20(volume)) SUB (amount SUB (close SUB (close SUB (amount DIV MA5(ABS(ABS(close)))))))),16,10,True,,0.006759327836334705,42845,0.987735390663147,985831488.0,2337,0.006759327836334705,,0.5220367908477783,0.17033506147563457,3.501925468444824,31573501952.0,33,1835
phase3c_gpu_000027_1678,phase3c_gpu_train,phase3a-v1,3 15 19 13 13 3 24 0 11 17 0 13 9 24 13 11,close DELAY1 MA10 ABS ABS close DECAY open DIV DELAY10 open ABS SUB DECAY ABS DIV,(ABS(ABS(MA10(DELAY1(close)))) DIV ABS(DECAY((DELAY10((DECAY(close) DIV open)) SUB ABS(open))))),16,10,True,,0.006756729446351528,43106,0.9937524199485779,56767.48828125,2337,0.006756729446351528,,0.5335900783538818,0.1702695820480585,3.501925468444824,8338278.5,27,1678
phase3c_gpu_000060_0871,phase3c_gpu_train,phase3a-v1,1 15 24 18 2 0 0 3 13 1 10 8 19 9 8 8,high DELAY1 DECAY MA5 low open open close ABS high MUL ADD MA10 SUB ADD ADD,(MA5(DECAY(DELAY1(high))) ADD (low ADD (open SUB MA10((open ADD (ABS(close) MUL high)))))),16,10,True,,0.006754547823220491,43206,0.9960578083992004,7.863762378692627,2337,0.006754547823220491,,0.5297389626502991,0.17021460514515638,3.501925468444824,102.02436065673828,60,871
phase3c_gpu_000014_0047,phase3c_gpu_train,phase3a-v1,5 15 1 12 7 17 13 1 24 17 3 14 11 11 8 10,amount DELAY1 high NEG CONST_1 DELAY10 ABS high DECAY DELAY10 close SIGN DIV DIV ADD MUL,(DELAY1(amount) MUL (NEG(high) ADD (ABS(DELAY10(CONST_1)) DIV (DELAY10(DECAY(high)) DIV SIGN(close))))),16,10,True,,0.006754159461706877,43165,0.9951125979423523,5414951936.0,2337,0.006754159461706877,,0.5284552574157715,0.17020481843501328,3.501925468444824,216366153728.0,14,47
phase3c_gpu_000021_1766,phase3c_gpu_train,phase3a-v1,3 3 24 2 21 14 1 12 8 5 7 15 9 10 9 9,close close DECAY low STD10 SIGN high NEG ADD amount CONST_1 DELAY1 SUB MUL SUB SUB,(close SUB (DECAY(close) SUB ((SIGN(STD10(low)) ADD NEG(high)) MUL (amount SUB DELAY1(CONST_1))))),16,10,True,,0.0067489780485630035,43339,0.9991239309310913,4593693184.0,2337,0.0067489780485630035,,0.5305947661399841,0.1700742468237877,3.501925468444824,192995803136.0,21,1766
phase3c_gpu_000017_1375,phase3c_gpu_train,phase3a-v1,2 20 15 4 4 24 11 4 8 10 1 16 17 5 9 11,low MA20 DELAY1 volume volume DECAY DIV volume ADD MUL high DELAY5 DELAY10 amount SUB DIV,((DELAY1(MA20(low)) MUL ((volume DIV DECAY(volume)) ADD volume)) DIV (DELAY10(DELAY5(high)) SUB amount)),16,10,True,,0.006748878862708807,42997,0.991239607334137,0.005065798759460449,2337,0.006748878862708807,,0.5626872181892395,0.17007174734026193,3.501925468444824,0.9849385619163513,17,1375
phase3c_gpu_000014_1734,phase3c_gpu_train,phase3a-v1,3 16 23 17 1 22 24 18 1 11 10 19 14 19 1 11,close DELAY5 RET10 DELAY10 high RET5 DECAY MA5 high DIV MUL MA10 SIGN MA10 high DIV,(MA10(SIGN(MA10((DELAY10(RET10(DELAY5(close))) MUL (MA5(DECAY(RET5(high))) DIV high))))) DIV high),16,10,True,,0.00674734590575099,43359,0.9995850324630737,0.7515730261802673,2337,0.00674734590575099,,0.5455712676048279,0.17003311682492495,3.501925468444824,5.0,14,1734
phase3c_gpu_000021_0150,phase3c_gpu_train,phase3a-v1,3 24 4 12 8 24 17 12 21 2 2 18 3 10 9 10,close DECAY volume NEG ADD DECAY DELAY10 NEG STD10 low low MA5 close MUL SUB MUL,(STD10(NEG(DELAY10(DECAY((DECAY(close) ADD NEG(volume)))))) MUL (low SUB (MA5(low) MUL close))),16,10,True,,0.006746990140527487,42950,0.9901560544967651,12876159.0,2337,0.006746990140527487,,0.5310226678848267,0.17002415154129266,3.501925468444824,455613536.0,21,150
phase3c_gpu_000017_1845,phase3c_gpu_train,phase3a-v1,5 5 1 3 16 24 19 8 1 10 20 8 2 10 9 19,amount amount high close DELAY5 DECAY MA10 ADD high MUL MA20 ADD low MUL SUB MA10,MA10((amount SUB ((amount ADD MA20(((high ADD MA10(DECAY(DELAY5(close)))) MUL high))) MUL low))),16,10,True,,0.006745224352926016,42541,0.9807270765304565,3966910464.0,2337,0.006745224352926016,,0.5263158082962036,0.1699796536937356,3.501925468444824,100454629376.0,17,1845
phase3c_gpu_000043_1430,phase3c_gpu_train,phase3a-v1,1 3 5 8 2 19 8 19 0 13 5 10 19 9 20 8,high close amount ADD low MA10 ADD MA10 open ABS amount MUL MA10 SUB MA20 ADD,(high ADD MA20((MA10(((close ADD amount) ADD MA10(low))) SUB MA10((ABS(open) MUL amount))))),16,10,True,,0.006743439473211765,42674,0.9837932586669922,3790935296.0,2337,0.006743439473211765,,0.5254600048065186,0.16993467472493648,3.501925468444824,80222617600.0,43,1430
